candidate,commission_bps,side,entry,exit,net_usdt
C0,10,SHORT,2022-01-18T20:00:00+00:00,2022-01-21T16:00:00+00:00,10.78689668404853767320223978990145
C0,10,SHORT,2022-02-12T16:00:00+00:00,2022-02-15T20:00:00+00:00,-7.245386668261471622884438301877022
C0,10,SHORT,2022-02-17T20:00:00+00:00,2022-02-21T00:00:00+00:00,4.010068189606786837892821963826525
C0,10,SHORT,2022-03-06T20:00:00+00:00,2022-03-10T00:00:00+00:00,-3.538548586483708218120616230525498
C0,10,LONG,2022-03-25T00:00:00+00:00,2022-03-28T04:00:00+00:00,4.103472319377123279172489271346196
C0,10,LONG,2022-03-28T08:00:00+00:00,2022-03-30T16:00:00+00:00,12.43984903225330449255080756916379
C0,10,LONG,2022-03-30T20:00:00+00:00,2022-04-03T00:00:00+00:00,8.978932620641752511215122105657293
C0,10,SHORT,2022-04-25T00:00:00+00:00,2022-04-28T04:00:00+00:00,-0.2517248163830869409600197588333916
C0,10,SHORT,2022-04-29T12:00:00+00:00,2022-05-01T00:00:00+00:00,11.30827280310729550240615695754595
C0,10,SHORT,2022-05-01T04:00:00+00:00,2022-05-04T08:00:00+00:00,0.4308750504416599342817230570500981
C0,10,SHORT,2022-05-06T00:00:00+00:00,2022-05-09T04:00:00+00:00,10.67749649146363435114084523068147
C0,10,SHORT,2022-05-09T08:00:00+00:00,2022-05-10T04:00:00+00:00,12.46006430357612414219228512671214
C0,10,SHORT,2022-05-26T00:00:00+00:00,2022-05-29T04:00:00+00:00,11.43313044731983912469012218973998
C0,10,SHORT,2022-06-03T08:00:00+00:00,2022-06-06T04:00:00+00:00,-3.855216818189436320821012613856958
C0,10,SHORT,2022-07-11T20:00:00+00:00,2022-07-14T04:00:00+00:00,1.823240460019963414779816342333457
C0,10,LONG,2022-07-18T08:00:00+00:00,2022-07-21T00:00:00+00:00,-0.5035078832301635200934108885767547
C0,10,LONG,2022-07-28T20:00:00+00:00,2022-08-01T00:00:00+00:00,0.1482442239795750586358521019190096
C0,10,LONG,2022-08-08T08:00:00+00:00,2022-08-09T16:00:00+00:00,-6.300001147146107666304686539953765
C0,10,LONG,2022-08-11T04:00:00+00:00,2022-08-14T08:00:00+00:00,8.594985417924847145896799418873362
C0,10,LONG,2022-08-14T12:00:00+00:00,2022-08-15T12:00:00+00:00,-6.472115768952863668992006963012543
C0,10,SHORT,2022-08-20T20:00:00+00:00,2022-08-24T00:00:00+00:00,-3.973956510752359796941397826008118
C0,10,SHORT,2022-08-27T00:00:00+00:00,2022-08-30T04:00:00+00:00,-2.219608369833704359911882169040641
C0,10,SHORT,2022-09-16T16:00:00+00:00,2022-09-19T20:00:00+00:00,-1.931362989680807317520711296892028
C0,10,SHORT,2022-10-08T16:00:00+00:00,2022-10-11T20:00:00+00:00,4.783205918978521774765257331282613
C0,10,SHORT,2022-10-12T00:00:00+00:00,2022-10-13T16:00:00+00:00,3.393315235980675609384625275129722
C0,10,SHORT,2022-10-15T20:00:00+00:00,2022-10-18T04:00:00+00:00,-4.586695885260567034140712425899922
C0,10,SHORT,2022-10-19T20:00:00+00:00,2022-10-21T16:00:00+00:00,7.056166449121541232427936881406957
C0,10,SHORT,2022-10-22T00:00:00+00:00,2022-10-25T04:00:00+00:00,-1.640715805307913608939355569050852
C0,10,LONG,2022-11-04T16:00:00+00:00,2022-11-05T16:00:00+00:00,12.12978632026489263194027525462079
C0,10,LONG,2022-11-05T20:00:00+00:00,2022-11-06T20:00:00+00:00,-8.008261298408408630949090724874982
C0,10,SHORT,2022-12-16T20:00:00+00:00,2022-12-20T00:00:00+00:00,7.898072040541817462205311385045665
C0,10,SHORT,2022-12-24T08:00:00+00:00,2022-12-27T12:00:00+00:00,1.449723200863916061400732945514457
C0,10,SHORT,2022-12-27T16:00:00+00:00,2022-12-28T08:00:00+00:00,5.552416341285683632134296746237324
C0,10,SHORT,2022-12-28T12:00:00+00:00,2022-12-30T00:00:00+00:00,3.597463638325220457416886887312275
C0,10,LONG,2023-01-09T08:00:00+00:00,2023-01-12T12:00:00+00:00,-2.024195410630822127557775763530024
C0,10,LONG,2023-01-14T00:00:00+00:00,2023-01-14T04:00:00+00:00,19.59010143752068359526794186155034
C0,10,LONG,2023-02-16T00:00:00+00:00,2023-02-17T04:00:00+00:00,-5.32295604252077274066972681506827
C0,10,LONG,2023-02-19T12:00:00+00:00,2023-02-20T08:00:00+00:00,11.51642162770181003695942909280776
C0,10,LONG,2023-02-20T12:00:00+00:00,2023-02-22T04:00:00+00:00,-7.536463567431048430794749999011837
C0,10,SHORT,2023-03-03T08:00:00+00:00,2023-03-06T12:00:00+00:00,1.392698496864015237529893175857126
C0,10,SHORT,2023-03-07T12:00:00+00:00,2023-03-09T00:00:00+00:00,8.978282045711973880535258014096541
C0,10,SHORT,2023-03-09T04:00:00+00:00,2023-03-11T04:00:00+00:00,1.807918588319645141864190921650302
C0,10,SHORT,2023-03-28T00:00:00+00:00,2023-03-29T08:00:00+00:00,-6.947449704580829994168007442219773
C0,10,LONG,2023-04-12T04:00:00+00:00,2023-04-14T04:00:00+00:00,10.86640837906877946809997884466415
C0,10,LONG,2023-04-14T08:00:00+00:00,2023-04-17T12:00:00+00:00,-0.2770194779078357725209379449363316
C0,10,LONG,2023-04-29T12:00:00+00:00,2023-05-01T04:00:00+00:00,-4.967538257643765875953978338266321
C0,10,SHORT,2023-05-09T00:00:00+00:00,2023-05-12T04:00:00+00:00,2.788572079238786638287915644151013
C0,10,SHORT,2023-05-12T08:00:00+00:00,2023-05-13T12:00:00+00:00,-5.286620480021251440175830406098462
C0,10,SHORT,2023-05-20T04:00:00+00:00,2023-05-23T08:00:00+00:00,1.875193325850131754365568634378316
C0,10,SHORT,2023-05-24T08:00:00+00:00,2023-05-27T12:00:00+00:00,-0.5971906792712674832946604387468643
C0,10,LONG,2023-06-05T00:00:00+00:00,2023-06-05T16:00:00+00:00,-8.883776766609960365208967577015801
C0,10,SHORT,2023-06-06T08:00:00+00:00,2023-06-09T12:00:00+00:00,3.833978504924103842966259249027498
C0,10,SHORT,2023-06-09T20:00:00+00:00,2023-06-10T08:00:00+00:00,16.9567120199425600705075575890683
C0,10,LONG,2023-07-08T00:00:00+00:00,2023-07-11T04:00:00+00:00,0.8617833543785653596620501123757476
C0,10,LONG,2023-07-11T16:00:00+00:00,2023-07-13T16:00:00+00:00,8.230639657298647542690904426987927
C0,10,LONG,2023-07-13T20:00:00+00:00,2023-07-14T04:00:00+00:00,8.629194317349759103507819795448693
C0,10,LONG,2023-07-28T16:00:00+00:00,2023-07-31T00:00:00+00:00,-4.141911906642704297016624060517517
C0,10,LONG,2023-08-09T04:00:00+00:00,2023-08-12T08:00:00+00:00,0.6930226776188924907687149968302185
C0,10,LONG,2023-08-13T00:00:00+00:00,2023-08-14T04:00:00+00:00,-2.387804854300297838870748576229998
C0,10,LONG,2023-08-15T00:00:00+00:00,2023-08-15T20:00:00+00:00,-4.746625095570216870983322356922489
C0,10,SHORT,2023-08-18T16:00:00+00:00,2023-08-21T20:00:00+00:00,1.213422125421723216434379043301264
C0,10,SHORT,2023-08-22T04:00:00+00:00,2023-08-23T20:00:00+00:00,-2.165923364105985054149572972804843
C0,10,SHORT,2023-08-25T16:00:00+00:00,2023-08-28T20:00:00+00:00,-0.9513093334270135928867151568651131
C0,10,SHORT,2023-08-31T20:00:00+00:00,2023-09-04T00:00:00+00:00,1.06135293291474993975554015806644
C0,10,SHORT,2023-09-10T08:00:00+00:00,2023-09-12T04:00:00+00:00,1.497608826894586914304085745127163
C0,10,SHORT,2023-09-26T16:00:00+00:00,2023-09-29T00:00:00+00:00,-4.444150892072489414261857842718244
C0,10,LONG,2023-10-01T08:00:00+00:00,2023-10-01T12:00:00+00:00,7.205136151433623513164996227482027
C0,10,LONG,2023-10-01T16:00:00+00:00,2023-10-02T20:00:00+00:00,2.970718852803954167350511489285069
C0,10,LONG,2023-10-03T16:00:00+00:00,2023-10-06T20:00:00+00:00,-2.726033594294507739126234361306439
C0,10,LONG,2023-10-16T08:00:00+00:00,2023-10-16T16:00:00+00:00,1.262203423137772517313257887390637
C0,10,LONG,2023-10-16T20:00:00+00:00,2023-10-20T00:00:00+00:00,4.242248477065284420677439882860014
C0,10,LONG,2023-10-20T04:00:00+00:00,2023-10-21T08:00:00+00:00,9.013850195205523225125675242580793
C0,10,LONG,2023-10-21T12:00:00+00:00,2023-10-24T16:00:00+00:00,4.545247809354959554647438237314623
C0,10,LONG,2023-10-30T12:00:00+00:00,2023-11-01T12:00:00+00:00,11.99563036041382102555154933285706
C0,10,LONG,2023-11-01T16:00:00+00:00,2023-11-02T16:00:00+00:00,-1.649484448147917288620460010694872
C0,10,LONG,2023-11-08T04:00:00+00:00,2023-11-09T20:00:00+00:00,2.088114143664255538611412117778176
C0,10,LONG,2023-11-29T20:00:00+00:00,2023-12-03T00:00:00+00:00,5.73245683231055539069944128224223
C0,10,LONG,2023-12-03T04:00:00+00:00,2023-12-04T12:00:00+00:00,-3.351746799306022472321024567591995
C0,10,LONG,2023-12-06T20:00:00+00:00,2023-12-09T00:00:00+00:00,15.92562582815848476871968630997539
C0,10,LONG,2023-12-09T04:00:00+00:00,2023-12-11T04:00:00+00:00,-4.720212978385209139928916909957131
C0,10,LONG,2023-12-21T08:00:00+00:00,2023-12-23T20:00:00+00:00,18.18462226068522571973632820918157
C0,10,SHORT,2024-01-23T00:00:00+00:00,2024-01-26T04:00:00+00:00,-5.145340783704718672481649700094257
C0,10,LONG,2024-01-30T08:00:00+00:00,2024-02-01T00:00:00+00:00,-5.926571669610234041758125414665165
C0,10,LONG,2024-02-08T16:00:00+00:00,2024-02-11T20:00:00+00:00,3.181962066061162584720286891479387
C0,10,LONG,2024-02-13T04:00:00+00:00,2024-02-16T08:00:00+00:00,-1.564137960299071949965416512026551
C0,10,LONG,2024-02-27T04:00:00+00:00,2024-02-29T00:00:00+00:00,8.176295538431008218670379522869105
C0,10,LONG,2024-02-29T12:00:00+00:00,2024-03-03T16:00:00+00:00,-0.165973574320490787040724834727273
C0,10,LONG,2024-03-14T12:00:00+00:00,2024-03-14T20:00:00+00:00,-6.449382529284654178803334950561166
C0,10,LONG,2024-03-15T00:00:00+00:00,2024-03-18T04:00:00+00:00,14.84505482545160126405201913556581
C0,10,LONG,2024-03-25T08:00:00+00:00,2024-03-28T12:00:00+00:00,-0.3935685715534477317987048605321235
C0,10,LONG,2024-03-30T20:00:00+00:00,2024-04-02T04:00:00+00:00,-6.402729052769021269455708378761846
C0,10,SHORT,2024-04-26T00:00:00+00:00,2024-04-29T04:00:00+00:00,6.563973436409107316473756377003491
C0,10,SHORT,2024-04-29T08:00:00+00:00,2024-05-01T20:00:00+00:00,3.585846391277575859630311013966109
C0,10,LONG,2024-05-17T04:00:00+00:00,2024-05-20T08:00:00+00:00,9.366507145130082424340787248037881
C0,10,LONG,2024-05-20T12:00:00+00:00,2024-05-21T16:00:00+00:00,-0.7581322096836267303756243904945287
C0,10,LONG,2024-06-05T12:00:00+00:00,2024-06-07T20:00:00+00:00,-6.598753617062883914194614071317717
C0,10,SHORT,2024-06-11T20:00:00+00:00,2024-06-12T16:00:00+00:00,-6.656907366598300718299198004125608
C0,10,SHORT,2024-06-14T16:00:00+00:00,2024-06-17T20:00:00+00:00,-0.6749251255301851652883778473402035
C0,10,SHORT,2024-06-18T04:00:00+00:00,2024-06-21T08:00:00+00:00,2.788768636628771342713972081025965
C0,10,SHORT,2024-06-21T12:00:00+00:00,2024-06-24T16:00:00+00:00,4.107268979331491536298230287825096
C0,10,SHORT,2024-06-24T20:00:00+00:00,2024-06-25T04:00:00+00:00,-6.855184589801640635184775616509497
C0,10,SHORT,2024-07-04T08:00:00+00:00,2024-07-05T16:00:00+00:00,-0.6124341730013830296968100781173706
C0,10,SHORT,2024-07-08T00:00:00+00:00,2024-07-09T08:00:00+00:00,-8.183123194303754413280098728857214
C0,10,LONG,2024-07-16T08:00:00+00:00,2024-07-17T20:00:00+00:00,1.240760908942714456287309498709565
C0,10,LONG,2024-07-19T16:00:00+00:00,2024-07-22T20:00:00+00:00,8.074871327976776473544523404045619
C0,10,LONG,2024-07-26T16:00:00+00:00,2024-07-29T20:00:00+00:00,2.71687090741621188885019108184356
C0,10,SHORT,2024-08-28T20:00:00+00:00,2024-09-01T00:00:00+00:00,5.858302040730992044006934679572423
C0,10,SHORT,2024-09-01T04:00:00+00:00,2024-09-04T08:00:00+00:00,2.605025969240218795572763987248924
C0,10,SHORT,2024-09-07T00:00:00+00:00,2024-09-09T20:00:00+00:00,-8.224511836920693400701839622478899
C0,10,SHORT,2024-09-16T20:00:00+00:00,2024-09-19T04:00:00+00:00,-5.59541361695736565540838628015234
C0,10,LONG,2024-09-27T04:00:00+00:00,2024-09-30T08:00:00+00:00,0.4580234832632189857490448998473953
C0,10,SHORT,2024-10-11T00:00:00+00:00,2024-10-11T20:00:00+00:00,-4.898683305559697689591986114950779
C0,10,LONG,2024-10-14T12:00:00+00:00,2024-10-15T20:00:00+00:00,0.998423693263429637279680327623396
C0,10,LONG,2024-10-16T00:00:00+00:00,2024-10-19T04:00:00+00:00,-0.3740624450175414067930309243862398
C0,10,LONG,2024-10-19T16:00:00+00:00,2024-10-21T04:00:00+00:00,8.069139255830395763229070438317699
C0,10,LONG,2024-10-21T08:00:00+00:00,2024-10-21T16:00:00+00:00,-2.275446464054977993297024624448777
C0,10,LONG,2024-10-23T20:00:00+00:00,2024-10-26T00:00:00+00:00,-4.973600461711073904196824472559225
C0,10,LONG,2024-11-06T08:00:00+00:00,2024-11-09T12:00:00+00:00,9.627013378534361969604839447566038
C0,10,LONG,2024-11-10T08:00:00+00:00,2024-11-12T16:00:00+00:00,2.369032465474282643569929563316008
C0,10,LONG,2024-11-17T16:00:00+00:00,2024-11-20T20:00:00+00:00,-0.8439162938968518686290699556196416
C0,10,LONG,2024-11-21T20:00:00+00:00,2024-11-25T00:00:00+00:00,-0.7648643308123944930138951664868138
C0,10,SHORT,2024-12-18T20:00:00+00:00,2024-12-20T12:00:00+00:00,16.53064908998088157551774597134532
C0,10,SHORT,2024-12-23T00:00:00+00:00,2024-12-24T16:00:00+00:00,-9.860550723030908365945723044380093
C0,10,SHORT,2025-01-08T12:00:00+00:00,2025-01-11T16:00:00+00:00,4.059477873415954090650394786512886
C0,10,SHORT,2025-01-13T12:00:00+00:00,2025-01-14T08:00:00+00:00,-6.118569891006109115163642427274243
C0,10,LONG,2025-01-18T16:00:00+00:00,2025-01-20T00:00:00+00:00,-2.253183470103330055965623728330782
C0,10,SHORT,2025-02-06T16:00:00+00:00,2025-02-09T20:00:00+00:00,-4.38016309178440722655445677647054
C0,10,SHORT,2025-02-17T12:00:00+00:00,2025-02-18T12:00:00+00:00,8.150235582168710833574261802693379
C0,10,SHORT,2025-02-18T16:00:00+00:00,2025-02-21T12:00:00+00:00,-7.075842497777563297410193892996632
C0,10,SHORT,2025-02-24T08:00:00+00:00,2025-02-25T00:00:00+00:00,11.65181131967336690280495866577409
C0,10,SHORT,2025-03-10T08:00:00+00:00,2025-03-11T20:00:00+00:00,-0.3197147614318886522152334162817016
C0,10,SHORT,2025-03-18T12:00:00+00:00,2025-03-19T16:00:00+00:00,-7.419106972117265052947429165218739
C0,10,SHORT,2025-03-28T20:00:00+00:00,2025-04-01T00:00:00+00:00,3.469440553558570477717829721392117
C0,10,SHORT,2025-04-03T08:00:00+00:00,2025-04-06T12:00:00+00:00,-0.2925457125223375664558816215595782
C0,10,SHORT,2025-04-06T20:00:00+00:00,2025-04-07T16:00:00+00:00,0.9983800564542198897282576306203646
C0,10,LONG,2025-04-19T12:00:00+00:00,2025-04-22T16:00:00+00:00,4.423242262458414553673134232961386
C0,10,LONG,2025-04-22T20:00:00+00:00,2025-04-26T00:00:00+00:00,4.199212214665439941739992092048949
C0,10,LONG,2025-05-08T20:00:00+00:00,2025-05-11T00:00:00+00:00,10.50866653913754208528839819063095
C0,10,LONG,2025-05-11T04:00:00+00:00,2025-05-14T08:00:00+00:00,3.000618385890513667726093730795478
C0,10,LONG,2025-05-22T20:00:00+00:00,2025-05-26T00:00:00+00:00,-1.500617994242838081465510916495853
C0,10,SHORT,2025-06-05T08:00:00+00:00,2025-06-07T08:00:00+00:00,-0.2442560958779406766213699192322802
C0,10,SHORT,2025-06-13T04:00:00+00:00,2025-06-16T04:00:00+00:00,-7.795232390208942192364939770631114
C0,10,SHORT,2025-06-18T12:00:00+00:00,2025-06-21T16:00:00+00:00,3.960818895589247381746580554067312
C0,10,SHORT,2025-06-21T20:00:00+00:00,2025-06-23T16:00:00+00:00,2.544520152696145204466521473398469
C0,10,LONG,2025-07-10T00:00:00+00:00,2025-07-13T04:00:00+00:00,2.343538244831428283156855428516548
C0,10,LONG,2025-07-14T08:00:00+00:00,2025-07-15T04:00:00+00:00,-5.117977777057969994881341406275629
C0,10,LONG,2025-07-16T16:00:00+00:00,2025-07-19T20:00:00+00:00,4.826433598243544245300049365463407
C0,10,LONG,2025-07-20T20:00:00+00:00,2025-07-22T04:00:00+00:00,9.693328269916481636077982112482999
C0,10,LONG,2025-07-22T08:00:00+00:00,2025-07-24T00:00:00+00:00,-4.699879897312281438127381280848701
C0,10,LONG,2025-08-08T12:00:00+00:00,2025-08-11T16:00:00+00:00,1.146944360040981452333730068310442
C0,10,LONG,2025-08-12T20:00:00+00:00,2025-08-14T16:00:00+00:00,1.92657656072041105530016987025829
C0,10,LONG,2025-08-23T12:00:00+00:00,2025-08-26T00:00:00+00:00,-7.712003862056622222745757255850635
C0,10,LONG,2025-08-27T12:00:00+00:00,2025-08-30T16:00:00+00:00,-2.211366483268876775525687996313373
C0,10,LONG,2025-09-09T04:00:00+00:00,2025-09-12T04:00:00+00:00,9.189021165428062614322051514678388
C0,10,LONG,2025-09-12T08:00:00+00:00,2025-09-15T08:00:00+00:00,-0.0251387289590812382064198079395485
C0,10,LONG,2025-09-18T04:00:00+00:00,2025-09-21T08:00:00+00:00,-3.065455394178075693939270344066693
C0,10,LONG,2025-10-03T08:00:00+00:00,2025-10-06T12:00:00+00:00,1.257833955397522014815186767838034
C0,10,LONG,2025-10-06T20:00:00+00:00,2025-10-07T16:00:00+00:00,-5.189281408628016013547424254890806
C0,10,SHORT,2025-10-16T16:00:00+00:00,2025-10-19T20:00:00+00:00,-0.963681270328407893546466370325158
C0,10,SHORT,2025-10-31T00:00:00+00:00,2025-11-03T04:00:00+00:00,3.558127822280769195622969126115421
C0,10,SHORT,2025-11-03T08:00:00+00:00,2025-11-04T20:00:00+00:00,12.14034902462137893502687772680357
C0,10,SHORT,2025-11-05T00:00:00+00:00,2025-11-08T04:00:00+00:00,-5.142286502846652816831256249736722
C0,10,SHORT,2025-11-12T04:00:00+00:00,2025-11-15T08:00:00+00:00,7.379371406018299978598447317158618
C0,10,SHORT,2025-11-15T12:00:00+00:00,2025-11-18T16:00:00+00:00,0.0737550905951352473354154156026321
C0,10,SHORT,2025-11-21T08:00:00+00:00,2025-11-24T12:00:00+00:00,-1.976337382488243682446332701219733
C0,10,SHORT,2025-12-01T12:00:00+00:00,2025-12-02T16:00:00+00:00,-8.744456947099851342967053789657178
C0,10,SHORT,2025-12-06T00:00:00+00:00,2025-12-09T04:00:00+00:00,-0.9340950215882315796716157137431095
C0,20,SHORT,2022-01-18T20:00:00+00:00,2022-01-21T16:00:00+00:00,10.59787260481182292562302124823302
C0,20,SHORT,2022-02-12T16:00:00+00:00,2022-02-15T20:00:00+00:00,-7.452425016581413152977229948532244
C0,20,SHORT,2022-02-17T20:00:00+00:00,2022-02-21T00:00:00+00:00,3.814274051934066345223384223530648
C0,20,SHORT,2022-03-06T20:00:00+00:00,2022-03-10T00:00:00+00:00,-3.741883799856818815741116346639909
C0,20,LONG,2022-03-25T00:00:00+00:00,2022-03-28T04:00:00+00:00,3.899164539277646679293437730534037
C0,20,LONG,2022-03-28T08:00:00+00:00,2022-03-30T16:00:00+00:00,12.22719653071951740096667262665212
C0,20,LONG,2022-03-30T20:00:00+00:00,2022-04-03T00:00:00+00:00,8.769744499900369375568260121567546
C0,20,SHORT,2022-04-25T00:00:00+00:00,2022-04-28T04:00:00+00:00,-0.4517764895263267880538859124386198
C0,20,SHORT,2022-04-29T12:00:00+00:00,2022-05-01T00:00:00+00:00,11.11976957913437571769327599546557
C0,20,SHORT,2022-05-01T04:00:00+00:00,2022-05-04T08:00:00+00:00,0.2315052952472959581920944087554428
C0,20,SHORT,2022-05-06T00:00:00+00:00,2022-05-09T04:00:00+00:00,10.48836312132523638345966725388895
C0,20,SHORT,2022-05-09T08:00:00+00:00,2022-05-10T04:00:00+00:00,12.27271172046281357689976992703852
C0,20,SHORT,2022-05-26T00:00:00+00:00,2022-05-29T04:00:00+00:00,11.24475195625822058235714528883063
C0,20,SHORT,2022-06-03T08:00:00+00:00,2022-06-06T04:00:00+00:00,-4.058868383442372820642012626458213
C0,20,SHORT,2022-07-11T20:00:00+00:00,2022-07-14T04:00:00+00:00,1.625261679260742599010365609408715
C0,20,LONG,2022-07-18T08:00:00+00:00,2022-07-21T00:00:00+00:00,-0.7032040715352384314847087755751764
C0,20,LONG,2022-07-28T20:00:00+00:00,2022-08-01T00:00:00+00:00,-0.0521043688372213127942138161009293
C0,20,LONG,2022-08-08T08:00:00+00:00,2022-08-09T16:00:00+00:00,-6.493895039891707158130207374248105
C0,20,LONG,2022-08-11T04:00:00+00:00,2022-08-14T08:00:00+00:00,8.386181628717715166771777597633248
C0,20,LONG,2022-08-14T12:00:00+00:00,2022-08-15T12:00:00+00:00,-6.66583737478974768934336631540192
C0,20,SHORT,2022-08-20T20:00:00+00:00,2022-08-24T00:00:00+00:00,-4.177726697076787728806474147512621
C0,20,SHORT,2022-08-27T00:00:00+00:00,2022-08-30T04:00:00+00:00,-2.421625960612759009622083849529193
C0,20,SHORT,2022-09-16T16:00:00+00:00,2022-09-19T20:00:00+00:00,-2.133092623037131800355397322163649
C0,20,SHORT,2022-10-08T16:00:00+00:00,2022-10-11T20:00:00+00:00,4.588184146669809009305482363581596
C0,20,SHORT,2022-10-12T00:00:00+00:00,2022-10-13T16:00:00+00:00,3.196904961491145814788605919760221
C0,20,SHORT,2022-10-15T20:00:00+00:00,2022-10-18T04:00:00+00:00,-4.791078198832255912296697153598123
C0,20,SHORT,2022-10-19T20:00:00+00:00,2022-10-21T16:00:00+00:00,6.863415366653131183709083671498272
C0,20,SHORT,2022-10-22T00:00:00+00:00,2022-10-25T04:00:00+00:00,-1.842155081836692743413820459729225
C0,20,LONG,2022-11-04T16:00:00+00:00,2022-11-05T16:00:00+00:00,11.91744419181617902570209680091246
C0,20,LONG,2022-11-05T20:00:00+00:00,2022-11-06T20:00:00+00:00,-8.200445221032624438125317861286518
C0,20,SHORT,2022-12-16T20:00:00+00:00,2022-12-20T00:00:00+00:00,7.70616202260030079633338861919656
C0,20,SHORT,2022-12-24T08:00:00+00:00,2022-12-27T12:00:00+00:00,1.251371275989654239284250161244241
C0,20,SHORT,2022-12-27T16:00:00+00:00,2022-12-28T08:00:00+00:00,5.35816301095729770169686847125854
C0,20,SHORT,2022-12-28T12:00:00+00:00,2022-12-30T00:00:00+00:00,3.401257308293577321010709951135764
C0,20,LONG,2023-01-09T08:00:00+00:00,2023-01-12T12:00:00+00:00,-2.222369389198759242545205417420385
C0,20,LONG,2023-01-14T00:00:00+00:00,2023-01-14T04:00:00+00:00,19.37029152617181404211952550333057
C0,20,LONG,2023-02-16T00:00:00+00:00,2023-02-17T04:00:00+00:00,-5.51782795839412532050889625769583
C0,20,LONG,2023-02-19T12:00:00+00:00,2023-02-20T08:00:00+00:00,11.30469347792433074763314337800015
C0,20,LONG,2023-02-20T12:00:00+00:00,2023-02-22T04:00:00+00:00,-7.729119760056242576509670169182997
C0,20,SHORT,2023-03-03T08:00:00+00:00,2023-03-06T12:00:00+00:00,1.194289604253489778226726235972868
C0,20,SHORT,2023-03-07T12:00:00+00:00,2023-03-09T00:00:00+00:00,8.787451158644753075221107422702032
C0,20,SHORT,2023-03-09T04:00:00+00:00,2023-03-11T04:00:00+00:00,1.609924500995289143004914389104498
C0,20,SHORT,2023-03-28T00:00:00+00:00,2023-03-29T08:00:00+00:00,-7.15419041357641523891742603107314
C0,20,LONG,2023-04-12T04:00:00+00:00,2023-04-14T04:00:00+00:00,10.65533089320384575491869758455938
C0,20,LONG,2023-04-14T08:00:00+00:00,2023-04-17T12:00:00+00:00,-0.4769423813333534544303263954419008
C0,20,LONG,2023-04-29T12:00:00+00:00,2023-05-01T04:00:00+00:00,-5.162765947075553898100170552141931
C0,20,SHORT,2023-05-09T00:00:00+00:00,2023-05-12T04:00:00+00:00,2.591557665731532678885605869569746
C0,20,SHORT,2023-05-12T08:00:00+00:00,2023-05-13T12:00:00+00:00,-5.491702018962331611444737329581078
C0,20,SHORT,2023-05-20T04:00:00+00:00,2023-05-23T08:00:00+00:00,1.67726644605577624163266710454253
C0,20,SHORT,2023-05-24T08:00:00+00:00,2023-05-27T12:00:00+00:00,-0.7975874731566533648963534062181399
C0,20,LONG,2023-06-05T00:00:00+00:00,2023-06-05T16:00:00+00:00,-9.07508429737411455903758722909086
C0,20,SHORT,2023-06-06T08:00:00+00:00,2023-06-09T12:00:00+00:00,3.638008453480471579073118648876677
C0,20,SHORT,2023-06-09T20:00:00+00:00,2023-06-10T08:00:00+00:00,16.77385159239005513551305964460184
C0,20,LONG,2023-07-08T00:00:00+00:00,2023-07-11T04:00:00+00:00,0.6607205081779862151578838960470432
C0,20,LONG,2023-07-11T16:00:00+00:00,2023-07-13T16:00:00+00:00,8.022200578562612860465988606740692
C0,20,LONG,2023-07-13T20:00:00+00:00,2023-07-14T04:00:00+00:00,8.420356285000059644945749905763559
C0,20,LONG,2023-07-28T16:00:00+00:00,2023-07-31T00:00:00+00:00,-4.33796604887829718560819901140789
C0,20,LONG,2023-08-09T04:00:00+00:00,2023-08-12T08:00:00+00:00,0.4921287610246793851723499167533114
C0,20,LONG,2023-08-13T00:00:00+00:00,2023-08-14T04:00:00+00:00,-2.585614859451148391584591670748287
C0,20,LONG,2023-08-15T00:00:00+00:00,2023-08-15T20:00:00+00:00,-4.942073919298374812053409121329974
C0,20,SHORT,2023-08-18T16:00:00+00:00,2023-08-21T20:00:00+00:00,1.014834135537029633234013787600266
C0,20,SHORT,2023-08-22T04:00:00+00:00,2023-08-23T20:00:00+00:00,-2.367887323510686337919952166583869
C0,20,SHORT,2023-08-25T16:00:00+00:00,2023-08-28T20:00:00+00:00,-1.152059892201665954118370216961881
C0,20,SHORT,2023-08-31T20:00:00+00:00,2023-09-04T00:00:00+00:00,0.862613025754824615020031207175397
C0,20,SHORT,2023-09-10T08:00:00+00:00,2023-09-12T04:00:00+00:00,1.299304739808567520612081834782634
C0,20,SHORT,2023-09-26T16:00:00+00:00,2023-09-29T00:00:00+00:00,-4.648390803053580812278103454948731
C0,20,LONG,2023-10-01T08:00:00+00:00,2023-10-01T12:00:00+00:00,6.997723602733489755894560795822886
C0,20,LONG,2023-10-01T16:00:00+00:00,2023-10-02T20:00:00+00:00,2.767544960058404663679489956262761
C0,20,LONG,2023-10-03T16:00:00+00:00,2023-10-06T20:00:00+00:00,-2.923505032138056780428410302886713
C0,20,LONG,2023-10-16T08:00:00+00:00,2023-10-16T16:00:00+00:00,1.06073975604754451679542679841427
C0,20,LONG,2023-10-16T20:00:00+00:00,2023-10-20T00:00:00+00:00,4.037801781893046898734819822917211
C0,20,LONG,2023-10-20T04:00:00+00:00,2023-10-21T08:00:00+00:00,8.804627121937049227903327219314947
C0,20,LONG,2023-10-21T12:00:00+00:00,2023-10-24T16:00:00+00:00,4.340497811547797432971114475315309
C0,20,LONG,2023-10-30T12:00:00+00:00,2023-11-01T12:00:00+00:00,11.78342252221520859209253877296431
C0,20,LONG,2023-11-01T16:00:00+00:00,2023-11-02T16:00:00+00:00,-1.848033512764385839883102192866348
C0,20,LONG,2023-11-08T04:00:00+00:00,2023-11-09T20:00:00+00:00,1.88582373911604307060479408763025
C0,20,LONG,2023-11-29T20:00:00+00:00,2023-12-03T00:00:00+00:00,5.52651843708301729721525765733508
C0,20,LONG,2023-12-03T04:00:00+00:00,2023-12-04T12:00:00+00:00,-3.548591897605015442819201720176988
C0,20,LONG,2023-12-06T20:00:00+00:00,2023-12-09T00:00:00+00:00,15.70948406056273052971195889625169
C0,20,LONG,2023-12-09T04:00:00+00:00,2023-12-11T04:00:00+00:00,-4.915688240669107829478537613750967
C0,20,LONG,2023-12-21T08:00:00+00:00,2023-12-23T20:00:00+00:00,17.9662192353992545228196752279912
C0,20,SHORT,2024-01-23T00:00:00+00:00,2024-01-26T04:00:00+00:00,-5.350281184088040069756856143351095
C0,20,LONG,2024-01-30T08:00:00+00:00,2024-02-01T00:00:00+00:00,-6.120839365636650223898507671507342
C0,20,LONG,2024-02-08T16:00:00+00:00,2024-02-11T20:00:00+00:00,2.978576718647687947498344662358787
C0,20,LONG,2024-02-13T04:00:00+00:00,2024-02-16T08:00:00+00:00,-1.762772456835309115180666345347846
C0,20,LONG,2024-02-27T04:00:00+00:00,2024-02-29T00:00:00+00:00,7.967910858212358560793832596419786
C0,20,LONG,2024-02-29T12:00:00+00:00,2024-03-03T16:00:00+00:00,-0.3660076348066564619285719570148333
C0,20,LONG,2024-03-14T12:00:00+00:00,2024-03-14T20:00:00+00:00,-6.643126891117202072518246527187231
C0,20,LONG,2024-03-15T00:00:00+00:00,2024-03-18T04:00:00+00:00,14.62999471051120927079470980710178
C0,20,LONG,2024-03-25T08:00:00+00:00,2024-03-28T12:00:00+00:00,-0.5933748092195603967318392901011604
C0,20,LONG,2024-03-30T20:00:00+00:00,2024-04-02T04:00:00+00:00,-6.596520114778261488405202164168491
C0,20,SHORT,2024-04-26T00:00:00+00:00,2024-04-29T04:00:00+00:00,6.370730652629296234871832057699798
C0,20,SHORT,2024-04-29T08:00:00+00:00,2024-05-01T20:00:00+00:00,3.389628455604526484864706929064976
C0,20,LONG,2024-05-17T04:00:00+00:00,2024-05-20T08:00:00+00:00,9.156931061901723983475581254796602
C0,20,LONG,2024-05-20T12:00:00+00:00,2024-05-21T16:00:00+00:00,-0.9575735187830425194343074491627024
C0,20,LONG,2024-06-05T12:00:00+00:00,2024-06-07T20:00:00+00:00,-6.792348458287045191557782625800883
C0,20,SHORT,2024-06-11T20:00:00+00:00,2024-06-12T16:00:00+00:00,-6.863357823507989330405391009124735
C0,20,SHORT,2024-06-14T16:00:00+00:00,2024-06-17T20:00:00+00:00,-0.8753995762050404951238307722626213
C0,20,SHORT,2024-06-18T04:00:00+00:00,2024-06-21T08:00:00+00:00,2.591754419482546339060339685502515
C0,20,SHORT,2024-06-21T12:00:00+00:00,2024-06-24T16:00:00+00:00,3.911571945344809709661165582817928
C0,20,SHORT,2024-06-24T20:00:00+00:00,2024-06-25T04:00:00+00:00,-7.061833125855388527927217949792724
C0,20,SHORT,2024-07-04T08:00:00+00:00,2024-07-05T16:00:00+00:00,-0.8128461951522335621940096885850203
C0,20,SHORT,2024-07-08T00:00:00+00:00,2024-07-09T08:00:00+00:00,-8.391098342350011910196462463851078
C0,20,LONG,2024-07-16T08:00:00+00:00,2024-07-17T20:00:00+00:00,1.039318705830659687061796676388535
C0,20,LONG,2024-07-19T16:00:00+00:00,2024-07-22T20:00:00+00:00,7.866588173494317237835269626864392
C0,20,LONG,2024-07-26T16:00:00+00:00,2024-07-29T20:00:00+00:00,2.513951116718097562635125825505379
C0,20,SHORT,2024-08-28T20:00:00+00:00,2024-09-01T00:00:00+00:00,5.664354290521932095998949599332235
C0,20,SHORT,2024-09-01T04:00:00+00:00,2024-09-04T08:00:00+00:00,2.407828192985713519644265249973449
C0,20,SHORT,2024-09-07T00:00:00+00:00,2024-09-09T20:00:00+00:00,-8.432528332262272514988255046677179
C0,20,SHORT,2024-09-16T20:00:00+00:00,2024-09-19T04:00:00+00:00,-5.800803640550729657062140911800844
C0,20,LONG,2024-09-27T04:00:00+00:00,2024-09-30T08:00:00+00:00,0.2573648010977903381156624725202207
C0,20,SHORT,2024-10-11T00:00:00+00:00,2024-10-11T20:00:00+00:00,-5.103377294875941143827342744436245
C0,20,LONG,2024-10-14T12:00:00+00:00,2024-10-15T20:00:00+00:00,0.797224069946849627632753720688838
C0,20,LONG,2024-10-16T00:00:00+00:00,2024-10-19T04:00:00+00:00,-0.5738882083358421661455904529904578
C0,20,LONG,2024-10-19T16:00:00+00:00,2024-10-21T04:00:00+00:00,7.860861839157892864567179476917981
C0,20,LONG,2024-10-21T08:00:00+00:00,2024-10-21T16:00:00+00:00,-2.473368940066934972282713288488368
C0,20,LONG,2024-10-23T20:00:00+00:00,2024-10-26T00:00:00+00:00,-5.168822082870522278667097921535642
C0,20,LONG,2024-11-06T08:00:00+00:00,2024-11-09T12:00:00+00:00,9.417176528305598844510139908579486
C0,20,LONG,2024-11-10T08:00:00+00:00,2024-11-12T16:00:00+00:00,2.166460861404738817099889593783159
C0,20,LONG,2024-11-17T16:00:00+00:00,2024-11-20T20:00:00+00:00,-1.043271733042100265156968784492895
C0,20,LONG,2024-11-21T20:00:00+00:00,2024-11-25T00:00:00+00:00,-0.9642989010518215255534207969507909
C0,20,SHORT,2024-12-18T20:00:00+00:00,2024-12-20T12:00:00+00:00,16.34736302513570763103774371956844
C0,20,SHORT,2024-12-23T00:00:00+00:00,2024-12-24T16:00:00+00:00,-10.07020162285411606661100348698187
C0,20,SHORT,2025-01-08T12:00:00+00:00,2025-01-11T16:00:00+00:00,3.863733096066719279552143432653259
C0,20,SHORT,2025-01-13T12:00:00+00:00,2025-01-14T08:00:00+00:00,-6.324482548239881451942027684444347
C0,20,LONG,2025-01-18T16:00:00+00:00,2025-01-20T00:00:00+00:00,-2.451128231394517913767459940814936
C0,20,SHORT,2025-02-06T16:00:00+00:00,2025-02-09T20:00:00+00:00,-4.584339078889086954053512177845636
C0,20,SHORT,2025-02-17T12:00:00+00:00,2025-02-18T12:00:00+00:00,7.95857747585719106417723309320556
C0,20,SHORT,2025-02-18T16:00:00+00:00,2025-02-21T12:00:00+00:00,-7.282711471301816607397616664118507
C0,20,SHORT,2025-02-24T08:00:00+00:00,2025-02-25T00:00:00+00:00,11.46365129102169194466590268042522
C0,20,SHORT,2025-03-10T08:00:00+00:00,2025-03-11T20:00:00+00:00,-0.5198343565981542752444194636506144
C0,20,SHORT,2025-03-18T12:00:00+00:00,2025-03-19T16:00:00+00:00,-7.626318867194305277775548475074103
C0,20,SHORT,2025-03-28T20:00:00+00:00,2025-04-01T00:00:00+00:00,3.273106328337350268404860520314586
C0,20,SHORT,2025-04-03T08:00:00+00:00,2025-04-06T12:00:00+00:00,-0.4926381657816006409478455392634338
C0,20,SHORT,2025-04-06T20:00:00+00:00,2025-04-07T16:00:00+00:00,0.7995772393278005289787354104711342
C0,20,LONG,2025-04-19T12:00:00+00:00,2025-04-22T16:00:00+00:00,4.218614392325823548113901866361825
C0,20,LONG,2025-04-22T20:00:00+00:00,2025-04-26T00:00:00+00:00,3.994808598834944005862374482347199
C0,20,LONG,2025-05-08T20:00:00+00:00,2025-05-11T00:00:00+00:00,10.29794715321247948059841981406375
C0,20,LONG,2025-05-11T04:00:00+00:00,2025-05-14T08:00:00+00:00,2.797414563682415055446087630964852
C0,20,LONG,2025-05-22T20:00:00+00:00,2025-05-26T00:00:00+00:00,-1.699316074328681086388968863526387
C0,20,SHORT,2025-06-05T08:00:00+00:00,2025-06-07T08:00:00+00:00,-0.4443003077619346233512613976730717
C0,20,SHORT,2025-06-13T04:00:00+00:00,2025-06-16T04:00:00+00:00,-8.002820034954405671078591059113263
C0,20,SHORT,2025-06-18T12:00:00+00:00,2025-06-21T16:00:00+00:00,3.76497555782260327323683687829715
C0,20,SHORT,2025-06-21T20:00:00+00:00,2025-06-23T16:00:00+00:00,2.34726193107046702784760690943583
C0,20,LONG,2025-07-10T00:00:00+00:00,2025-07-13T04:00:00+00:00,2.140992160502267694284826544203718
C0,20,LONG,2025-07-14T08:00:00+00:00,2025-07-15T04:00:00+00:00,-5.313054876380234289180759482946024
C0,20,LONG,2025-07-16T16:00:00+00:00,2025-07-19T20:00:00+00:00,4.621402133180237394203652919652133
C0,20,LONG,2025-07-20T20:00:00+00:00,2025-07-22T04:00:00+00:00,9.483425038415063736542368516774808
C0,20,LONG,2025-07-22T08:00:00+00:00,2025-07-24T00:00:00+00:00,-4.89537551303068756281394045874575
C0,20,LONG,2025-08-08T12:00:00+00:00,2025-08-11T16:00:00+00:00,0.945596067388287777206268877050872
C0,20,LONG,2025-08-12T20:00:00+00:00,2025-08-14T16:00:00+00:00,1.724447855454424657847416947465238
C0,20,LONG,2025-08-23T12:00:00+00:00,2025-08-26T00:00:00+00:00,-7.904484338671180158458724465804739
C0,20,LONG,2025-08-27T12:00:00+00:00,2025-08-30T16:00:00+00:00,-2.409353103405744766741377998319066
C0,20,LONG,2025-09-09T04:00:00+00:00,2025-09-12T04:00:00+00:00,8.979622745843049538632039451100132
C0,20,LONG,2025-09-12T08:00:00+00:00,2025-09-15T08:00:00+00:00,-0.2253137652664295052352422105342036
C0,20,LONG,2025-09-18T04:00:00+00:00,2025-09-21T08:00:00+00:00,-3.262587070460179722273665468847407
C0,20,LONG,2025-10-03T08:00:00+00:00,2025-10-06T12:00:00+00:00,1.056374662148875846632188582885243
C0,20,LONG,2025-10-06T20:00:00+00:00,2025-10-07T16:00:00+00:00,-5.384287132943703685205534941322346
C0,20,SHORT,2025-10-16T16:00:00+00:00,2025-10-19T20:00:00+00:00,-1.164444188680384325008550752313495
C0,20,SHORT,2025-10-31T00:00:00+00:00,2025-11-03T04:00:00+00:00,3.361882195729601132881333730637015
C0,20,SHORT,2025-11-03T08:00:00+00:00,2025-11-04T20:00:00+00:00,11.95267704562499669620073075150567
C0,20,SHORT,2025-11-05T00:00:00+00:00,2025-11-08T04:00:00+00:00,-5.347223852000345776688230531704491
C0,20,SHORT,2025-11-12T04:00:00+00:00,2025-11-15T08:00:00+00:00,7.186943205624711866688955256536399
C0,20,SHORT,2025-11-15T12:00:00+00:00,2025-11-18T16:00:00+00:00,-0.1259714277958786035663474061600027
C0,20,SHORT,2025-11-21T08:00:00+00:00,2025-11-24T12:00:00+00:00,-2.178111945307912257553671694927245
C0,20,SHORT,2025-12-01T12:00:00+00:00,2025-12-02T16:00:00+00:00,-8.952992868125925120532455441794697
C0,20,SHORT,2025-12-06T00:00:00+00:00,2025-12-09T04:00:00+00:00,-1.134828383248159882948010934236359
C0,30,SHORT,2022-01-18T20:00:00+00:00,2022-01-21T16:00:00+00:00,10.40884852557510817804380270656459
C0,30,SHORT,2022-02-12T16:00:00+00:00,2022-02-15T20:00:00+00:00,-7.659463364901354683070021595187465
C0,30,SHORT,2022-02-17T20:00:00+00:00,2022-02-21T00:00:00+00:00,3.61847991426134585255394648323477
C0,30,SHORT,2022-03-06T20:00:00+00:00,2022-03-10T00:00:00+00:00,-3.94521901322992941336161646275432
C0,30,LONG,2022-03-25T00:00:00+00:00,2022-03-28T04:00:00+00:00,3.694856759178170079414386189721879
C0,30,LONG,2022-03-28T08:00:00+00:00,2022-03-30T16:00:00+00:00,12.01454402918573030938253768414044
C0,30,LONG,2022-03-30T20:00:00+00:00,2022-04-03T00:00:00+00:00,8.560556379158986239921398137477799
C0,30,SHORT,2022-04-25T00:00:00+00:00,2022-04-28T04:00:00+00:00,-0.651828162669566635147752066043848
C0,30,SHORT,2022-04-29T12:00:00+00:00,2022-05-01T00:00:00+00:00,10.9312663551614559329803950333852
C0,30,SHORT,2022-05-01T04:00:00+00:00,2022-05-04T08:00:00+00:00,0.0321355400529319821024657604607876
C0,30,SHORT,2022-05-06T00:00:00+00:00,2022-05-09T04:00:00+00:00,10.29922975118683841577848927709642
C0,30,SHORT,2022-05-09T08:00:00+00:00,2022-05-10T04:00:00+00:00,12.08535913734950301160725472736491
C0,30,SHORT,2022-05-26T00:00:00+00:00,2022-05-29T04:00:00+00:00,11.05637346519660204002416838792128
C0,30,SHORT,2022-06-03T08:00:00+00:00,2022-06-06T04:00:00+00:00,-4.262519948695309320463012639059469
C0,30,SHORT,2022-07-11T20:00:00+00:00,2022-07-14T04:00:00+00:00,1.427282898501521783240914876483974
C0,30,LONG,2022-07-18T08:00:00+00:00,2022-07-21T00:00:00+00:00,-0.902900259840313342876006662573598
C0,30,LONG,2022-07-28T20:00:00+00:00,2022-08-01T00:00:00+00:00,-0.2524529616540176842242797341208682
C0,30,LONG,2022-08-08T08:00:00+00:00,2022-08-09T16:00:00+00:00,-6.687788932637306649955728208542446
C0,30,LONG,2022-08-11T04:00:00+00:00,2022-08-14T08:00:00+00:00,8.177377839510583187646755776393134
C0,30,LONG,2022-08-14T12:00:00+00:00,2022-08-15T12:00:00+00:00,-6.859558980626631709694725667791296
C0,30,SHORT,2022-08-20T20:00:00+00:00,2022-08-24T00:00:00+00:00,-4.381496883401215660671550469017125
C0,30,SHORT,2022-08-27T00:00:00+00:00,2022-08-30T04:00:00+00:00,-2.623643551391813659332285530017745
C0,30,SHORT,2022-09-16T16:00:00+00:00,2022-09-19T20:00:00+00:00,-2.334822256393456283190083347435269
C0,30,SHORT,2022-10-08T16:00:00+00:00,2022-10-11T20:00:00+00:00,4.39316237436109624384570739588058
C0,30,SHORT,2022-10-12T00:00:00+00:00,2022-10-13T16:00:00+00:00,3.000494687001616020192586564390721
C0,30,SHORT,2022-10-15T20:00:00+00:00,2022-10-18T04:00:00+00:00,-4.995460512403944790452681881296325
C0,30,SHORT,2022-10-19T20:00:00+00:00,2022-10-21T16:00:00+00:00,6.670664284184721134990230461589588
C0,30,SHORT,2022-10-22T00:00:00+00:00,2022-10-25T04:00:00+00:00,-2.043594358365471877888285350407598
C0,30,LONG,2022-11-04T16:00:00+00:00,2022-11-05T16:00:00+00:00,11.70510206336746541946391834720413
C0,30,LONG,2022-11-05T20:00:00+00:00,2022-11-06T20:00:00+00:00,-8.392629143656840245301544997698055
C0,30,SHORT,2022-12-16T20:00:00+00:00,2022-12-20T00:00:00+00:00,7.514252004658784130461465853347454
C0,30,SHORT,2022-12-24T08:00:00+00:00,2022-12-27T12:00:00+00:00,1.053019351115392417167767376974026
C0,30,SHORT,2022-12-27T16:00:00+00:00,2022-12-28T08:00:00+00:00,5.163909680628911771259440196279756
C0,30,SHORT,2022-12-28T12:00:00+00:00,2022-12-30T00:00:00+00:00,3.205050978261934184604533014959252
C0,30,LONG,2023-01-09T08:00:00+00:00,2023-01-12T12:00:00+00:00,-2.420543367766696357532635071310745
C0,30,LONG,2023-01-14T00:00:00+00:00,2023-01-14T04:00:00+00:00,19.1504816148229444889711091451108
C0,30,LONG,2023-02-16T00:00:00+00:00,2023-02-17T04:00:00+00:00,-5.712699874267477900348065700323389
C0,30,LONG,2023-02-19T12:00:00+00:00,2023-02-20T08:00:00+00:00,11.09296532814685145830685766319253
C0,30,LONG,2023-02-20T12:00:00+00:00,2023-02-22T04:00:00+00:00,-7.921775952681436722224590339354156
C0,30,SHORT,2023-03-03T08:00:00+00:00,2023-03-06T12:00:00+00:00,0.9958807116429643189235592960886091
C0,30,SHORT,2023-03-07T12:00:00+00:00,2023-03-09T00:00:00+00:00,8.596620271577532269906956831307523
C0,30,SHORT,2023-03-09T04:00:00+00:00,2023-03-11T04:00:00+00:00,1.411930413670933144145637856558694
C0,30,SHORT,2023-03-28T00:00:00+00:00,2023-03-29T08:00:00+00:00,-7.360931122572000483666844619926506
C0,30,LONG,2023-04-12T04:00:00+00:00,2023-04-14T04:00:00+00:00,10.44425340733891204173741632445461
C0,30,LONG,2023-04-14T08:00:00+00:00,2023-04-17T12:00:00+00:00,-0.67686528475887113633971484594747
C0,30,LONG,2023-04-29T12:00:00+00:00,2023-05-01T04:00:00+00:00,-5.35799363650734192024636276601754
C0,30,SHORT,2023-05-09T00:00:00+00:00,2023-05-12T04:00:00+00:00,2.394543252224278719483296094988478
C0,30,SHORT,2023-05-12T08:00:00+00:00,2023-05-13T12:00:00+00:00,-5.696783557903411782713644253063693
C0,30,SHORT,2023-05-20T04:00:00+00:00,2023-05-23T08:00:00+00:00,1.479339566261420728899765574706744
C0,30,SHORT,2023-05-24T08:00:00+00:00,2023-05-27T12:00:00+00:00,-0.9979842670420392464980463736894155
C0,30,LONG,2023-06-05T00:00:00+00:00,2023-06-05T16:00:00+00:00,-9.26639182813826875286620688116592
C0,30,SHORT,2023-06-06T08:00:00+00:00,2023-06-09T12:00:00+00:00,3.442038402036839315179978048725855
C0,30,SHORT,2023-06-09T20:00:00+00:00,2023-06-10T08:00:00+00:00,16.59099116483755020051856170013537
C0,30,LONG,2023-07-08T00:00:00+00:00,2023-07-11T04:00:00+00:00,0.4596576619774070706537176797183388
C0,30,LONG,2023-07-11T16:00:00+00:00,2023-07-13T16:00:00+00:00,7.813761499826578178241072786493456
C0,30,LONG,2023-07-13T20:00:00+00:00,2023-07-14T04:00:00+00:00,8.211518252650360186383680016078426
C0,30,LONG,2023-07-28T16:00:00+00:00,2023-07-31T00:00:00+00:00,-4.534020191113890074199773962298263
C0,30,LONG,2023-08-09T04:00:00+00:00,2023-08-12T08:00:00+00:00,0.2912348444304662795759848366764043
C0,30,LONG,2023-08-13T00:00:00+00:00,2023-08-14T04:00:00+00:00,-2.783424864601998944298434765266575
C0,30,LONG,2023-08-15T00:00:00+00:00,2023-08-15T20:00:00+00:00,-5.137522743026532753123495885737459
C0,30,SHORT,2023-08-18T16:00:00+00:00,2023-08-21T20:00:00+00:00,0.8162461456523360500336485318992688
C0,30,SHORT,2023-08-22T04:00:00+00:00,2023-08-23T20:00:00+00:00,-2.569851282915387621690331360362894
C0,30,SHORT,2023-08-25T16:00:00+00:00,2023-08-28T20:00:00+00:00,-1.35281045097631831535002527705865
C0,30,SHORT,2023-08-31T20:00:00+00:00,2023-09-04T00:00:00+00:00,0.6638731185948992902845222562843545
C0,30,SHORT,2023-09-10T08:00:00+00:00,2023-09-12T04:00:00+00:00,1.101000652722548126920077924438106
C0,30,SHORT,2023-09-26T16:00:00+00:00,2023-09-29T00:00:00+00:00,-4.852630714034672210294349067179219
C0,30,LONG,2023-10-01T08:00:00+00:00,2023-10-01T12:00:00+00:00,6.790311054033355998624125364163744
C0,30,LONG,2023-10-01T16:00:00+00:00,2023-10-02T20:00:00+00:00,2.564371067312855160008468423240454
C0,30,LONG,2023-10-03T16:00:00+00:00,2023-10-06T20:00:00+00:00,-3.120976469981605821730586244466986
C0,30,LONG,2023-10-16T08:00:00+00:00,2023-10-16T16:00:00+00:00,0.859276088957316516277595709437903
C0,30,LONG,2023-10-16T20:00:00+00:00,2023-10-20T00:00:00+00:00,3.833355086720809376792199762974409
C0,30,LONG,2023-10-20T04:00:00+00:00,2023-10-21T08:00:00+00:00,8.5954040486685752306809791960491
C0,30,LONG,2023-10-21T12:00:00+00:00,2023-10-24T16:00:00+00:00,4.135747813740635311294790713315995
C0,30,LONG,2023-10-30T12:00:00+00:00,2023-11-01T12:00:00+00:00,11.57121468401659615863352821307156
C0,30,LONG,2023-11-01T16:00:00+00:00,2023-11-02T16:00:00+00:00,-2.046582577380854391145744375037825
C0,30,LONG,2023-11-08T04:00:00+00:00,2023-11-09T20:00:00+00:00,1.683533334567830602598176057482324
C0,30,LONG,2023-11-29T20:00:00+00:00,2023-12-03T00:00:00+00:00,5.320580041855479203731074032427931
C0,30,LONG,2023-12-03T04:00:00+00:00,2023-12-04T12:00:00+00:00,-3.745436995904008413317378872761981
C0,30,LONG,2023-12-06T20:00:00+00:00,2023-12-09T00:00:00+00:00,15.49334229296697629070423148252799
C0,30,LONG,2023-12-09T04:00:00+00:00,2023-12-11T04:00:00+00:00,-5.111163502953006519028158317544804
C0,30,LONG,2023-12-21T08:00:00+00:00,2023-12-23T20:00:00+00:00,17.74781621011328332590302224680082
C0,30,SHORT,2024-01-23T00:00:00+00:00,2024-01-26T04:00:00+00:00,-5.555221584471361467032062586607932
C0,30,LONG,2024-01-30T08:00:00+00:00,2024-02-01T00:00:00+00:00,-6.315107061663066406038889928349519
C0,30,LONG,2024-02-08T16:00:00+00:00,2024-02-11T20:00:00+00:00,2.775191371234213310276402433238187
C0,30,LONG,2024-02-13T04:00:00+00:00,2024-02-16T08:00:00+00:00,-1.96140695337154628039591617866914
C0,30,LONG,2024-02-27T04:00:00+00:00,2024-02-29T00:00:00+00:00,7.759526177993708902917285669970468
C0,30,LONG,2024-02-29T12:00:00+00:00,2024-03-03T16:00:00+00:00,-0.5660416952928221368164190793023936
C0,30,LONG,2024-03-14T12:00:00+00:00,2024-03-14T20:00:00+00:00,-6.836871252949749966233158103813296
C0,30,LONG,2024-03-15T00:00:00+00:00,2024-03-18T04:00:00+00:00,14.41493459557081727753740047863775
C0,30,LONG,2024-03-25T08:00:00+00:00,2024-03-28T12:00:00+00:00,-0.7931810468856730616649737196701973
C0,30,LONG,2024-03-30T20:00:00+00:00,2024-04-02T04:00:00+00:00,-6.790311176787501707354695949575135
C0,30,SHORT,2024-04-26T00:00:00+00:00,2024-04-29T04:00:00+00:00,6.177487868849485153269907738396106
C0,30,SHORT,2024-04-29T08:00:00+00:00,2024-05-01T20:00:00+00:00,3.193410519931477110099102844163844
C0,30,LONG,2024-05-17T04:00:00+00:00,2024-05-20T08:00:00+00:00,8.947354978673365542610375261555322
C0,30,LONG,2024-05-20T12:00:00+00:00,2024-05-21T16:00:00+00:00,-1.157014827882458308492990507830876
C0,30,LONG,2024-06-05T12:00:00+00:00,2024-06-07T20:00:00+00:00,-6.985943299511206468920951180284048
C0,30,SHORT,2024-06-11T20:00:00+00:00,2024-06-12T16:00:00+00:00,-7.069808280417677942511584014123862
C0,30,SHORT,2024-06-14T16:00:00+00:00,2024-06-17T20:00:00+00:00,-1.075874026879895824959283697185039
C0,30,SHORT,2024-06-18T04:00:00+00:00,2024-06-21T08:00:00+00:00,2.394740202336321335406707289979064
C0,30,SHORT,2024-06-21T12:00:00+00:00,2024-06-24T16:00:00+00:00,3.715874911358127883024100877810761
C0,30,SHORT,2024-06-24T20:00:00+00:00,2024-06-25T04:00:00+00:00,-7.26848166190913642066966028307595
C0,30,SHORT,2024-07-04T08:00:00+00:00,2024-07-05T16:00:00+00:00,-1.01325821730308409469120929905267
C0,30,SHORT,2024-07-08T00:00:00+00:00,2024-07-09T08:00:00+00:00,-8.599073490396269407112826198844941
C0,30,LONG,2024-07-16T08:00:00+00:00,2024-07-17T20:00:00+00:00,0.8378765027186049178362838540675042
C0,30,LONG,2024-07-19T16:00:00+00:00,2024-07-22T20:00:00+00:00,7.658305019011858002126015849683165
C0,30,LONG,2024-07-26T16:00:00+00:00,2024-07-29T20:00:00+00:00,2.311031326019983236420060569167197
C0,30,SHORT,2024-08-28T20:00:00+00:00,2024-09-01T00:00:00+00:00,5.470406540312872147990964519092048
C0,30,SHORT,2024-09-01T04:00:00+00:00,2024-09-04T08:00:00+00:00,2.210630416731208243715766512697973
C0,30,SHORT,2024-09-07T00:00:00+00:00,2024-09-09T20:00:00+00:00,-8.64054482760385162927467047087546
C0,30,SHORT,2024-09-16T20:00:00+00:00,2024-09-19T04:00:00+00:00,-6.006193664144093658715895543449347
C0,30,LONG,2024-09-27T04:00:00+00:00,2024-09-30T08:00:00+00:00,0.0567061189323616904822800451930461
C0,30,SHORT,2024-10-11T00:00:00+00:00,2024-10-11T20:00:00+00:00,-5.30807128419218459806269937392171
C0,30,LONG,2024-10-14T12:00:00+00:00,2024-10-15T20:00:00+00:00,0.59602444663026961798582711375428
C0,30,LONG,2024-10-16T00:00:00+00:00,2024-10-19T04:00:00+00:00,-0.7737139716541429254981499815946757
C0,30,LONG,2024-10-19T16:00:00+00:00,2024-10-21T04:00:00+00:00,7.652584422485389965905288515518264
C0,30,LONG,2024-10-21T08:00:00+00:00,2024-10-21T16:00:00+00:00,-2.671291416078891951268401952527958
C0,30,LONG,2024-10-23T20:00:00+00:00,2024-10-26T00:00:00+00:00,-5.36404370402997065313737137051206
C0,30,LONG,2024-11-06T08:00:00+00:00,2024-11-09T12:00:00+00:00,9.207339678076835719415440369592933
C0,30,LONG,2024-11-10T08:00:00+00:00,2024-11-12T16:00:00+00:00,1.96388925733519499062984962425031
C0,30,LONG,2024-11-17T16:00:00+00:00,2024-11-20T20:00:00+00:00,-1.242627172187348661684867613366149
C0,30,LONG,2024-11-21T20:00:00+00:00,2024-11-25T00:00:00+00:00,-1.163733471291248558092946427414768
C0,30,SHORT,2024-12-18T20:00:00+00:00,2024-12-20T12:00:00+00:00,16.16407696029053368655774146779157
C0,30,SHORT,2024-12-23T00:00:00+00:00,2024-12-24T16:00:00+00:00,-10.27985252267732376727628392958365
C0,30,SHORT,2025-01-08T12:00:00+00:00,2025-01-11T16:00:00+00:00,3.667988318717484468453892078793632
C0,30,SHORT,2025-01-13T12:00:00+00:00,2025-01-14T08:00:00+00:00,-6.530395205473653788720412941614451
C0,30,LONG,2025-01-18T16:00:00+00:00,2025-01-20T00:00:00+00:00,-2.649072992685705771569296153299089
C0,30,SHORT,2025-02-06T16:00:00+00:00,2025-02-09T20:00:00+00:00,-4.788515065993766681552567579220731
C0,30,SHORT,2025-02-17T12:00:00+00:00,2025-02-18T12:00:00+00:00,7.766919369545671294780204383717742
C0,30,SHORT,2025-02-18T16:00:00+00:00,2025-02-21T12:00:00+00:00,-7.489580444826069917385039435240381
C0,30,SHORT,2025-02-24T08:00:00+00:00,2025-02-25T00:00:00+00:00,11.27549126237001698652684669507634
C0,30,SHORT,2025-03-10T08:00:00+00:00,2025-03-11T20:00:00+00:00,-0.7199539517644198982736055110195272
C0,30,SHORT,2025-03-18T12:00:00+00:00,2025-03-19T16:00:00+00:00,-7.833530762271345502603667784929466
C0,30,SHORT,2025-03-28T20:00:00+00:00,2025-04-01T00:00:00+00:00,3.076772103116130059091891319237056
C0,30,SHORT,2025-04-03T08:00:00+00:00,2025-04-06T12:00:00+00:00,-0.6927306190408637154398094569672896
C0,30,SHORT,2025-04-06T20:00:00+00:00,2025-04-07T16:00:00+00:00,0.6007744222013811682292131903219038
C0,30,LONG,2025-04-19T12:00:00+00:00,2025-04-22T16:00:00+00:00,4.013986522193232542554669499762264
C0,30,LONG,2025-04-22T20:00:00+00:00,2025-04-26T00:00:00+00:00,3.790404983004448069984756872645448
C0,30,LONG,2025-05-08T20:00:00+00:00,2025-05-11T00:00:00+00:00,10.08722776728741687590844143749656
C0,30,LONG,2025-05-11T04:00:00+00:00,2025-05-14T08:00:00+00:00,2.594210741474316443166081531134226
C0,30,LONG,2025-05-22T20:00:00+00:00,2025-05-26T00:00:00+00:00,-1.898014154414524091312426810556922
C0,30,SHORT,2025-06-05T08:00:00+00:00,2025-06-07T08:00:00+00:00,-0.6443445196459285700811528761138632
C0,30,SHORT,2025-06-13T04:00:00+00:00,2025-06-16T04:00:00+00:00,-8.210407679699869149792242347595412
C0,30,SHORT,2025-06-18T12:00:00+00:00,2025-06-21T16:00:00+00:00,3.569132220055959164727093202526987
C0,30,SHORT,2025-06-21T20:00:00+00:00,2025-06-23T16:00:00+00:00,2.150003709444788851228692345473191
C0,30,LONG,2025-07-10T00:00:00+00:00,2025-07-13T04:00:00+00:00,1.938446076173107105412797659890889
C0,30,LONG,2025-07-14T08:00:00+00:00,2025-07-15T04:00:00+00:00,-5.508131975702498583480177559616418
C0,30,LONG,2025-07-16T16:00:00+00:00,2025-07-19T20:00:00+00:00,4.416370668116930543107256473840858
C0,30,LONG,2025-07-20T20:00:00+00:00,2025-07-22T04:00:00+00:00,9.273521806913645837006754921066616
C0,30,LONG,2025-07-22T08:00:00+00:00,2025-07-24T00:00:00+00:00,-5.090871128749093687500499636642798
C0,30,LONG,2025-08-08T12:00:00+00:00,2025-08-11T16:00:00+00:00,0.744247774735594102078807685791302
C0,30,LONG,2025-08-12T20:00:00+00:00,2025-08-14T16:00:00+00:00,1.522319150188438260394664024672187
C0,30,LONG,2025-08-23T12:00:00+00:00,2025-08-26T00:00:00+00:00,-8.096964815285738094171691675758842
C0,30,LONG,2025-08-27T12:00:00+00:00,2025-08-30T16:00:00+00:00,-2.607339723542612757957068000324758
C0,30,LONG,2025-09-09T04:00:00+00:00,2025-09-12T04:00:00+00:00,8.770224326258036462942027387521875
C0,30,LONG,2025-09-12T08:00:00+00:00,2025-09-15T08:00:00+00:00,-0.4254888015737777722640646131288587
C0,30,LONG,2025-09-18T04:00:00+00:00,2025-09-21T08:00:00+00:00,-3.459718746742283750608060593628121
C0,30,LONG,2025-10-03T08:00:00+00:00,2025-10-06T12:00:00+00:00,0.8549153689002296784491903979324526
C0,30,LONG,2025-10-06T20:00:00+00:00,2025-10-07T16:00:00+00:00,-5.579292857259391356863645627753887
C0,30,SHORT,2025-10-16T16:00:00+00:00,2025-10-19T20:00:00+00:00,-1.365207107032360756470635134301832
C0,30,SHORT,2025-10-31T00:00:00+00:00,2025-11-03T04:00:00+00:00,3.165636569178433070139698335158608
C0,30,SHORT,2025-11-03T08:00:00+00:00,2025-11-04T20:00:00+00:00,11.76500506662861445737458377620777
C0,30,SHORT,2025-11-05T00:00:00+00:00,2025-11-08T04:00:00+00:00,-5.55216120115403873654520481367226
C0,30,SHORT,2025-11-12T04:00:00+00:00,2025-11-15T08:00:00+00:00,6.99451500523112375477946319591418
C0,30,SHORT,2025-11-15T12:00:00+00:00,2025-11-18T16:00:00+00:00,-0.3256979461868924544681102279226374
C0,30,SHORT,2025-11-21T08:00:00+00:00,2025-11-24T12:00:00+00:00,-2.379886508127580832661010688634758
C0,30,SHORT,2025-12-01T12:00:00+00:00,2025-12-02T16:00:00+00:00,-9.161528789151998898097857093932217
C0,30,SHORT,2025-12-06T00:00:00+00:00,2025-12-09T04:00:00+00:00,-1.335561744908088186224406154729609
C0,40,SHORT,2022-01-18T20:00:00+00:00,2022-01-21T16:00:00+00:00,10.21982444633839343046458416489616
C0,40,SHORT,2022-02-12T16:00:00+00:00,2022-02-15T20:00:00+00:00,-7.866501713221296213162813241842687
C0,40,SHORT,2022-02-17T20:00:00+00:00,2022-02-21T00:00:00+00:00,3.422685776588625359884508742938892
C0,40,SHORT,2022-03-06T20:00:00+00:00,2022-03-10T00:00:00+00:00,-4.148554226603040010982116578868731
C0,40,LONG,2022-03-25T00:00:00+00:00,2022-03-28T04:00:00+00:00,3.49054897907869347953533464890972
C0,40,LONG,2022-03-28T08:00:00+00:00,2022-03-30T16:00:00+00:00,11.80189152765194321779840274162877
C0,40,LONG,2022-03-30T20:00:00+00:00,2022-04-03T00:00:00+00:00,8.351368258417603104274536153388052
C0,40,SHORT,2022-04-25T00:00:00+00:00,2022-04-28T04:00:00+00:00,-0.8518798358128064822416182196490762
C0,40,SHORT,2022-04-29T12:00:00+00:00,2022-05-01T00:00:00+00:00,10.74276313118853614826751407130483
C0,40,SHORT,2022-05-01T04:00:00+00:00,2022-05-04T08:00:00+00:00,-0.1672342151414319939871628878338677
C0,40,SHORT,2022-05-06T00:00:00+00:00,2022-05-09T04:00:00+00:00,10.1100963810484404480973113003039
C0,40,SHORT,2022-05-09T08:00:00+00:00,2022-05-10T04:00:00+00:00,11.89800655423619244631473952769129
C0,40,SHORT,2022-05-26T00:00:00+00:00,2022-05-29T04:00:00+00:00,10.86799497413498349769119148701193
C0,40,SHORT,2022-06-03T08:00:00+00:00,2022-06-06T04:00:00+00:00,-4.466171513948245820284012651660725
C0,40,SHORT,2022-07-11T20:00:00+00:00,2022-07-14T04:00:00+00:00,1.229304117742300967471464143559232
C0,40,LONG,2022-07-18T08:00:00+00:00,2022-07-21T00:00:00+00:00,-1.10259644814538825426730454957202
C0,40,LONG,2022-07-28T20:00:00+00:00,2022-08-01T00:00:00+00:00,-0.4528015544708140556543456521408071
C0,40,LONG,2022-08-08T08:00:00+00:00,2022-08-09T16:00:00+00:00,-6.881682825382906141781249042836786
C0,40,LONG,2022-08-11T04:00:00+00:00,2022-08-14T08:00:00+00:00,7.968574050303451208521733955153021
C0,40,LONG,2022-08-14T12:00:00+00:00,2022-08-15T12:00:00+00:00,-7.053280586463515730046085020180673
C0,40,SHORT,2022-08-20T20:00:00+00:00,2022-08-24T00:00:00+00:00,-4.585267069725643592536626790521628
C0,40,SHORT,2022-08-27T00:00:00+00:00,2022-08-30T04:00:00+00:00,-2.825661142170868309042487210506297
C0,40,SHORT,2022-09-16T16:00:00+00:00,2022-09-19T20:00:00+00:00,-2.53655188974978076602476937270689
C0,40,SHORT,2022-10-08T16:00:00+00:00,2022-10-11T20:00:00+00:00,4.198140602052383478385932428179564
C0,40,SHORT,2022-10-12T00:00:00+00:00,2022-10-13T16:00:00+00:00,2.80408441251208622559656720902122
C0,40,SHORT,2022-10-15T20:00:00+00:00,2022-10-18T04:00:00+00:00,-5.199842825975633668608666608994527
C0,40,SHORT,2022-10-19T20:00:00+00:00,2022-10-21T16:00:00+00:00,6.477913201716311086271377251680904
C0,40,SHORT,2022-10-22T00:00:00+00:00,2022-10-25T04:00:00+00:00,-2.24503363489425101236275024108597
C0,40,LONG,2022-11-04T16:00:00+00:00,2022-11-05T16:00:00+00:00,11.4927599349187518132257398934958
C0,40,LONG,2022-11-05T20:00:00+00:00,2022-11-06T20:00:00+00:00,-8.584813066281056052477772134109591
C0,40,SHORT,2022-12-16T20:00:00+00:00,2022-12-20T00:00:00+00:00,7.322341986717267464589543087498349
C0,40,SHORT,2022-12-24T08:00:00+00:00,2022-12-27T12:00:00+00:00,0.8546674262411305950512845927038107
C0,40,SHORT,2022-12-27T16:00:00+00:00,2022-12-28T08:00:00+00:00,4.969656350300525840822011921300972
C0,40,SHORT,2022-12-28T12:00:00+00:00,2022-12-30T00:00:00+00:00,3.008844648230291048198356078782741
C0,40,LONG,2023-01-09T08:00:00+00:00,2023-01-12T12:00:00+00:00,-2.618717346334633472520064725201105
C0,40,LONG,2023-01-14T00:00:00+00:00,2023-01-14T04:00:00+00:00,18.93067170347407493582269278689103
C0,40,LONG,2023-02-16T00:00:00+00:00,2023-02-17T04:00:00+00:00,-5.907571790140830480187235142950948
C0,40,LONG,2023-02-19T12:00:00+00:00,2023-02-20T08:00:00+00:00,10.88123717836937216898057194838492
C0,40,LONG,2023-02-20T12:00:00+00:00,2023-02-22T04:00:00+00:00,-8.114432145306630867939510509525315
C0,40,SHORT,2023-03-03T08:00:00+00:00,2023-03-06T12:00:00+00:00,0.7974718190324388596203923562043505
C0,40,SHORT,2023-03-07T12:00:00+00:00,2023-03-09T00:00:00+00:00,8.405789384510311464592806239913014
C0,40,SHORT,2023-03-09T04:00:00+00:00,2023-03-11T04:00:00+00:00,1.21393632634657714528636132401289
C0,40,SHORT,2023-03-28T00:00:00+00:00,2023-03-29T08:00:00+00:00,-7.567671831567585728416263208779873
C0,40,LONG,2023-04-12T04:00:00+00:00,2023-04-14T04:00:00+00:00,10.23317592147397832855613506434984
C0,40,LONG,2023-04-14T08:00:00+00:00,2023-04-17T12:00:00+00:00,-0.8767881881843888182491032964530392
C0,40,LONG,2023-04-29T12:00:00+00:00,2023-05-01T04:00:00+00:00,-5.553221325939129942392554979893149
C0,40,SHORT,2023-05-09T00:00:00+00:00,2023-05-12T04:00:00+00:00,2.19752883871702476008098632040721
C0,40,SHORT,2023-05-12T08:00:00+00:00,2023-05-13T12:00:00+00:00,-5.901865096844491953982551176546309
C0,40,SHORT,2023-05-20T04:00:00+00:00,2023-05-23T08:00:00+00:00,1.281412686467065216166864044870958
C0,40,SHORT,2023-05-24T08:00:00+00:00,2023-05-27T12:00:00+00:00,-1.198381060927425128099739341160691
C0,40,LONG,2023-06-05T00:00:00+00:00,2023-06-05T16:00:00+00:00,-9.457699358902422946694826533240979
C0,40,SHORT,2023-06-06T08:00:00+00:00,2023-06-09T12:00:00+00:00,3.246068350593207051286837448575033
C0,40,SHORT,2023-06-09T20:00:00+00:00,2023-06-10T08:00:00+00:00,16.40813073728504526552406375566891
C0,40,LONG,2023-07-08T00:00:00+00:00,2023-07-11T04:00:00+00:00,0.2585948157768279261495514633896344
C0,40,LONG,2023-07-11T16:00:00+00:00,2023-07-13T16:00:00+00:00,7.605322421090543496016156966246221
C0,40,LONG,2023-07-13T20:00:00+00:00,2023-07-14T04:00:00+00:00,8.002680220300660727821610126393292
C0,40,LONG,2023-07-28T16:00:00+00:00,2023-07-31T00:00:00+00:00,-4.730074333349482962791348913188636
C0,40,LONG,2023-08-09T04:00:00+00:00,2023-08-12T08:00:00+00:00,0.0903409278362531739796197565994972
C0,40,LONG,2023-08-13T00:00:00+00:00,2023-08-14T04:00:00+00:00,-2.981234869752849497012277859784863
C0,40,LONG,2023-08-15T00:00:00+00:00,2023-08-15T20:00:00+00:00,-5.332971566754690694193582650144944
C0,40,SHORT,2023-08-18T16:00:00+00:00,2023-08-21T20:00:00+00:00,0.617658155767642466833283276198271
C0,40,SHORT,2023-08-22T04:00:00+00:00,2023-08-23T20:00:00+00:00,-2.77181524232008890546071055414192
C0,40,SHORT,2023-08-25T16:00:00+00:00,2023-08-28T20:00:00+00:00,-1.553561009750970676581680337155418
C0,40,SHORT,2023-08-31T20:00:00+00:00,2023-09-04T00:00:00+00:00,0.465133211434973965549013305393312
C0,40,SHORT,2023-09-10T08:00:00+00:00,2023-09-12T04:00:00+00:00,0.9026965656365287332280740140935778
C0,40,SHORT,2023-09-26T16:00:00+00:00,2023-09-29T00:00:00+00:00,-5.056870625015763608310594679409707
C0,40,LONG,2023-10-01T08:00:00+00:00,2023-10-01T12:00:00+00:00,6.582898505333222241353689932504603
C0,40,LONG,2023-10-01T16:00:00+00:00,2023-10-02T20:00:00+00:00,2.361197174567305656337446890218146
C0,40,LONG,2023-10-03T16:00:00+00:00,2023-10-06T20:00:00+00:00,-3.31844790782515486303276218604726
C0,40,LONG,2023-10-16T08:00:00+00:00,2023-10-16T16:00:00+00:00,0.657812421867088515759764620461536
C0,40,LONG,2023-10-16T20:00:00+00:00,2023-10-20T00:00:00+00:00,3.628908391548571854849579703031606
C0,40,LONG,2023-10-20T04:00:00+00:00,2023-10-21T08:00:00+00:00,8.386180975400101233458631172783254
C0,40,LONG,2023-10-21T12:00:00+00:00,2023-10-24T16:00:00+00:00,3.930997815933473189618466951316681
C0,40,LONG,2023-10-30T12:00:00+00:00,2023-11-01T12:00:00+00:00,11.35900684581798372517451765317881
C0,40,LONG,2023-11-01T16:00:00+00:00,2023-11-02T16:00:00+00:00,-2.245131641997322942408386557209301
C0,40,LONG,2023-11-08T04:00:00+00:00,2023-11-09T20:00:00+00:00,1.481242930019618134591558027334398
C0,40,LONG,2023-11-29T20:00:00+00:00,2023-12-03T00:00:00+00:00,5.114641646627941110246890407520781
C0,40,LONG,2023-12-03T04:00:00+00:00,2023-12-04T12:00:00+00:00,-3.942282094203001383815556025346974
C0,40,LONG,2023-12-06T20:00:00+00:00,2023-12-09T00:00:00+00:00,15.27720052537122205169650406880429
C0,40,LONG,2023-12-09T04:00:00+00:00,2023-12-11T04:00:00+00:00,-5.306638765236905208577779021338641
C0,40,LONG,2023-12-21T08:00:00+00:00,2023-12-23T20:00:00+00:00,17.52941318482731212898636926561045
C0,40,SHORT,2024-01-23T00:00:00+00:00,2024-01-26T04:00:00+00:00,-5.76016198485468286430726902986477
C0,40,LONG,2024-01-30T08:00:00+00:00,2024-02-01T00:00:00+00:00,-6.509374757689482588179272185191696
C0,40,LONG,2024-02-08T16:00:00+00:00,2024-02-11T20:00:00+00:00,2.571806023820738673054460204117587
C0,40,LONG,2024-02-13T04:00:00+00:00,2024-02-16T08:00:00+00:00,-2.160041449907783445611166011990435
C0,40,LONG,2024-02-27T04:00:00+00:00,2024-02-29T00:00:00+00:00,7.551141497775059245040738743521149
C0,40,LONG,2024-02-29T12:00:00+00:00,2024-03-03T16:00:00+00:00,-0.7660757557789878117042662015899539
C0,40,LONG,2024-03-14T12:00:00+00:00,2024-03-14T20:00:00+00:00,-7.030615614782297859948069680439361
C0,40,LONG,2024-03-15T00:00:00+00:00,2024-03-18T04:00:00+00:00,14.19987448063042528428009115017372
C0,40,LONG,2024-03-25T08:00:00+00:00,2024-03-28T12:00:00+00:00,-0.9929872845517857265981081492392342
C0,40,LONG,2024-03-30T20:00:00+00:00,2024-04-02T04:00:00+00:00,-6.98410223879674192630418973498178
C0,40,SHORT,2024-04-26T00:00:00+00:00,2024-04-29T04:00:00+00:00,5.984245085069674071667983419092413
C0,40,SHORT,2024-04-29T08:00:00+00:00,2024-05-01T20:00:00+00:00,2.997192584258427735333498759262711
C0,40,LONG,2024-05-17T04:00:00+00:00,2024-05-20T08:00:00+00:00,8.737778895445007101745169268314043
C0,40,LONG,2024-05-20T12:00:00+00:00,2024-05-21T16:00:00+00:00,-1.35645613698187409755167356649905
C0,40,LONG,2024-06-05T12:00:00+00:00,2024-06-07T20:00:00+00:00,-7.179538140735367746284119734767214
C0,40,SHORT,2024-06-11T20:00:00+00:00,2024-06-12T16:00:00+00:00,-7.276258737327366554617777019122988
C0,40,SHORT,2024-06-14T16:00:00+00:00,2024-06-17T20:00:00+00:00,-1.276348477554751154794736622107457
C0,40,SHORT,2024-06-18T04:00:00+00:00,2024-06-21T08:00:00+00:00,2.197725985190096331753074894455614
C0,40,SHORT,2024-06-21T12:00:00+00:00,2024-06-24T16:00:00+00:00,3.520177877371446056387036172803593
C0,40,SHORT,2024-06-24T20:00:00+00:00,2024-06-25T04:00:00+00:00,-7.475130197962884313412102616359176
C0,40,SHORT,2024-07-04T08:00:00+00:00,2024-07-05T16:00:00+00:00,-1.21367023945393462718840890952032
C0,40,SHORT,2024-07-08T00:00:00+00:00,2024-07-09T08:00:00+00:00,-8.807048638442526904029189933838805
C0,40,LONG,2024-07-16T08:00:00+00:00,2024-07-17T20:00:00+00:00,0.6364342996065501486107710317464736
C0,40,LONG,2024-07-19T16:00:00+00:00,2024-07-22T20:00:00+00:00,7.450021864529398766416762072501938
C0,40,LONG,2024-07-26T16:00:00+00:00,2024-07-29T20:00:00+00:00,2.108111535321868910204995312829015
C0,40,SHORT,2024-08-28T20:00:00+00:00,2024-09-01T00:00:00+00:00,5.27645879010381219998297943885186
C0,40,SHORT,2024-09-01T04:00:00+00:00,2024-09-04T08:00:00+00:00,2.013432640476702967787267775422498
C0,40,SHORT,2024-09-07T00:00:00+00:00,2024-09-09T20:00:00+00:00,-8.84856132294543074356108589507374
C0,40,SHORT,2024-09-16T20:00:00+00:00,2024-09-19T04:00:00+00:00,-6.211583687737457660369650175097851
C0,40,LONG,2024-09-27T04:00:00+00:00,2024-09-30T08:00:00+00:00,-0.1439525632330669571511023821341285
C0,40,SHORT,2024-10-11T00:00:00+00:00,2024-10-11T20:00:00+00:00,-5.512765273508428052298056003407175
C0,40,LONG,2024-10-14T12:00:00+00:00,2024-10-15T20:00:00+00:00,0.394824823313689608338900506819722
C0,40,LONG,2024-10-16T00:00:00+00:00,2024-10-19T04:00:00+00:00,-0.9735397349724436848507095101988937
C0,40,LONG,2024-10-19T16:00:00+00:00,2024-10-21T04:00:00+00:00,7.444307005812887067243397554118546
C0,40,LONG,2024-10-21T08:00:00+00:00,2024-10-21T16:00:00+00:00,-2.869213892090848930254090616567549
C0,40,LONG,2024-10-23T20:00:00+00:00,2024-10-26T00:00:00+00:00,-5.559265325189419027607644819488477
C0,40,LONG,2024-11-06T08:00:00+00:00,2024-11-09T12:00:00+00:00,8.997502827848072594320740830606381
C0,40,LONG,2024-11-10T08:00:00+00:00,2024-11-12T16:00:00+00:00,1.761317653265651164159809654717461
C0,40,LONG,2024-11-17T16:00:00+00:00,2024-11-20T20:00:00+00:00,-1.441982611332597058212766442239402
C0,40,LONG,2024-11-21T20:00:00+00:00,2024-11-25T00:00:00+00:00,-1.363168041530675590632472057878745
C0,40,SHORT,2024-12-18T20:00:00+00:00,2024-12-20T12:00:00+00:00,15.98079089544535974207773921601469
C0,40,SHORT,2024-12-23T00:00:00+00:00,2024-12-24T16:00:00+00:00,-10.48950342250053146794156437218543
C0,40,SHORT,2025-01-08T12:00:00+00:00,2025-01-11T16:00:00+00:00,3.472243541368249657355640724934004
C0,40,SHORT,2025-01-13T12:00:00+00:00,2025-01-14T08:00:00+00:00,-6.736307862707426125498798198784555
C0,40,LONG,2025-01-18T16:00:00+00:00,2025-01-20T00:00:00+00:00,-2.847017753976893629371132365783242
C0,40,SHORT,2025-02-06T16:00:00+00:00,2025-02-09T20:00:00+00:00,-4.992691053098446409051622980595827
C0,40,SHORT,2025-02-17T12:00:00+00:00,2025-02-18T12:00:00+00:00,7.575261263234151525383175674229923
C0,40,SHORT,2025-02-18T16:00:00+00:00,2025-02-21T12:00:00+00:00,-7.696449418350323227372462206362256
C0,40,SHORT,2025-02-24T08:00:00+00:00,2025-02-25T00:00:00+00:00,11.08733123371834202838779070972746
C0,40,SHORT,2025-03-10T08:00:00+00:00,2025-03-11T20:00:00+00:00,-0.92007354693068552130279155838844
C0,40,SHORT,2025-03-18T12:00:00+00:00,2025-03-19T16:00:00+00:00,-8.04074265734838572743178709478483
C0,40,SHORT,2025-03-28T20:00:00+00:00,2025-04-01T00:00:00+00:00,2.880437877894909849778922118159526
C0,40,SHORT,2025-04-03T08:00:00+00:00,2025-04-06T12:00:00+00:00,-0.8928230723001267899317733746711452
C0,40,SHORT,2025-04-06T20:00:00+00:00,2025-04-07T16:00:00+00:00,0.4019716050749618074796909701726734
C0,40,LONG,2025-04-19T12:00:00+00:00,2025-04-22T16:00:00+00:00,3.809358652060641536995437133162703
C0,40,LONG,2025-04-22T20:00:00+00:00,2025-04-26T00:00:00+00:00,3.586001367173952134107139262943697
C0,40,LONG,2025-05-08T20:00:00+00:00,2025-05-11T00:00:00+00:00,9.876508381362354271218463060929357
C0,40,LONG,2025-05-11T04:00:00+00:00,2025-05-14T08:00:00+00:00,2.3910069192662178308860754313036
C0,40,LONG,2025-05-22T20:00:00+00:00,2025-05-26T00:00:00+00:00,-2.096712234500367096235884757587457
C0,40,SHORT,2025-06-05T08:00:00+00:00,2025-06-07T08:00:00+00:00,-0.8443887315299225168110443545546547
C0,40,SHORT,2025-06-13T04:00:00+00:00,2025-06-16T04:00:00+00:00,-8.417995324445332628505893636077561
C0,40,SHORT,2025-06-18T12:00:00+00:00,2025-06-21T16:00:00+00:00,3.373288882289315056217349526756825
C0,40,SHORT,2025-06-21T20:00:00+00:00,2025-06-23T16:00:00+00:00,1.952745487819110674609777781510552
C0,40,LONG,2025-07-10T00:00:00+00:00,2025-07-13T04:00:00+00:00,1.735899991843946516540768775578059
C0,40,LONG,2025-07-14T08:00:00+00:00,2025-07-15T04:00:00+00:00,-5.703209075024762877779595636286813
C0,40,LONG,2025-07-16T16:00:00+00:00,2025-07-19T20:00:00+00:00,4.211339203053623692010860028029583
C0,40,LONG,2025-07-20T20:00:00+00:00,2025-07-22T04:00:00+00:00,9.063618575412227937471141325358425
C0,40,LONG,2025-07-22T08:00:00+00:00,2025-07-24T00:00:00+00:00,-5.286366744467499812187058814539846
C0,40,LONG,2025-08-08T12:00:00+00:00,2025-08-11T16:00:00+00:00,0.542899482082900426951346494531732
C0,40,LONG,2025-08-12T20:00:00+00:00,2025-08-14T16:00:00+00:00,1.320190444922451862941911101879135
C0,40,LONG,2025-08-23T12:00:00+00:00,2025-08-26T00:00:00+00:00,-8.289445291900296029884658885712946
C0,40,LONG,2025-08-27T12:00:00+00:00,2025-08-30T16:00:00+00:00,-2.80532634367948074917275800233045
C0,40,LONG,2025-09-09T04:00:00+00:00,2025-09-12T04:00:00+00:00,8.560825906673023387252015323943618
C0,40,LONG,2025-09-12T08:00:00+00:00,2025-09-15T08:00:00+00:00,-0.6256638378811260392928870157235138
C0,40,LONG,2025-09-18T04:00:00+00:00,2025-09-21T08:00:00+00:00,-3.656850423024387778942455718408835
C0,40,LONG,2025-10-03T08:00:00+00:00,2025-10-06T12:00:00+00:00,0.6534560756515835102661922129796618
C0,40,LONG,2025-10-06T20:00:00+00:00,2025-10-07T16:00:00+00:00,-5.774298581575079028521756314185428
C0,40,SHORT,2025-10-16T16:00:00+00:00,2025-10-19T20:00:00+00:00,-1.565970025384337187932719516290168
C0,40,SHORT,2025-10-31T00:00:00+00:00,2025-11-03T04:00:00+00:00,2.969390942627265007398062939680202
C0,40,SHORT,2025-11-03T08:00:00+00:00,2025-11-04T20:00:00+00:00,11.57733308763223221854843680090988
C0,40,SHORT,2025-11-05T00:00:00+00:00,2025-11-08T04:00:00+00:00,-5.757098550307731696402179095640029
C0,40,SHORT,2025-11-12T04:00:00+00:00,2025-11-15T08:00:00+00:00,6.80208680483753564286997113529196
C0,40,SHORT,2025-11-15T12:00:00+00:00,2025-11-18T16:00:00+00:00,-0.5254244645779063053698730496852721
C0,40,SHORT,2025-11-21T08:00:00+00:00,2025-11-24T12:00:00+00:00,-2.58166107094724940776834968234227
C0,40,SHORT,2025-12-01T12:00:00+00:00,2025-12-02T16:00:00+00:00,-9.370064710178072675663258746069737
C0,40,SHORT,2025-12-06T00:00:00+00:00,2025-12-09T04:00:00+00:00,-1.536295106568016489500801375222859
C1,10,SHORT,2022-01-18T20:00:00+00:00,2022-01-21T16:00:00+00:00,10.78689668404853767320223978990145
C1,10,SHORT,2022-02-12T16:00:00+00:00,2022-02-15T20:00:00+00:00,-7.245386668261471622884438301877022
C1,10,SHORT,2022-02-18T04:00:00+00:00,2022-02-21T04:00:00+00:00,0.198169907252095042955509859888872
C1,10,SHORT,2022-03-06T20:00:00+00:00,2022-03-10T00:00:00+00:00,-3.538548586483708218120616230525498
C1,10,LONG,2022-03-25T00:00:00+00:00,2022-03-28T04:00:00+00:00,4.103472319377123279172489271346196
C1,10,LONG,2022-03-28T08:00:00+00:00,2022-03-30T16:00:00+00:00,12.43984903225330449255080756916379
C1,10,LONG,2022-03-30T20:00:00+00:00,2022-04-03T00:00:00+00:00,8.978932620641752511215122105657293
C1,10,SHORT,2022-04-25T04:00:00+00:00,2022-04-28T08:00:00+00:00,-1.817582408941945486839409037449115
C1,10,SHORT,2022-04-29T12:00:00+00:00,2022-05-01T00:00:00+00:00,11.30827280310729550240615695754595
C1,10,SHORT,2022-05-01T04:00:00+00:00,2022-05-04T08:00:00+00:00,0.4308750504416599342817230570500981
C1,10,SHORT,2022-05-06T04:00:00+00:00,2022-05-09T08:00:00+00:00,10.47117356379397452709913263746458
C1,10,SHORT,2022-05-09T12:00:00+00:00,2022-05-10T08:00:00+00:00,4.233830441276821253641108109647953
C1,10,SHORT,2022-05-26T00:00:00+00:00,2022-05-29T04:00:00+00:00,11.43313044731983912469012218973998
C1,10,SHORT,2022-06-03T08:00:00+00:00,2022-06-06T04:00:00+00:00,-3.855216818189436320821012613856958
C1,10,SHORT,2022-07-11T20:00:00+00:00,2022-07-14T04:00:00+00:00,1.823240460019963414779816342333457
C1,10,LONG,2022-07-18T08:00:00+00:00,2022-07-21T00:00:00+00:00,-0.5035078832301635200934108885767547
C1,10,LONG,2022-07-28T20:00:00+00:00,2022-08-01T00:00:00+00:00,0.1482442239795750586358521019190096
C1,10,LONG,2022-08-08T08:00:00+00:00,2022-08-09T16:00:00+00:00,-6.300001147146107666304686539953765
C1,10,LONG,2022-08-11T04:00:00+00:00,2022-08-14T08:00:00+00:00,8.594985417924847145896799418873362
C1,10,LONG,2022-08-14T12:00:00+00:00,2022-08-15T12:00:00+00:00,-6.472115768952863668992006963012543
C1,10,SHORT,2022-08-20T20:00:00+00:00,2022-08-24T00:00:00+00:00,-3.973956510752359796941397826008118
C1,10,SHORT,2022-08-27T00:00:00+00:00,2022-08-30T04:00:00+00:00,-2.219608369833704359911882169040641
C1,10,SHORT,2022-09-16T16:00:00+00:00,2022-09-19T20:00:00+00:00,-1.931362989680807317520711296892028
C1,10,SHORT,2022-10-09T00:00:00+00:00,2022-10-12T04:00:00+00:00,4.752804308412847773319787370872273
C1,10,SHORT,2022-10-12T08:00:00+00:00,2022-10-13T12:00:00+00:00,7.555739917584246179325368321184674
C1,10,SHORT,2022-10-13T16:00:00+00:00,2022-10-14T04:00:00+00:00,-7.018357206626847521535965365982962
C1,10,SHORT,2022-10-15T20:00:00+00:00,2022-10-18T04:00:00+00:00,-4.586695885260567034140712425899922
C1,10,SHORT,2022-10-20T00:00:00+00:00,2022-10-23T04:00:00+00:00,1.368861656907536170741573624119636
C1,10,LONG,2022-11-04T16:00:00+00:00,2022-11-05T16:00:00+00:00,12.12978632026489263194027525462079
C1,10,LONG,2022-11-05T20:00:00+00:00,2022-11-06T20:00:00+00:00,-8.008261298408408630949090724874982
C1,10,SHORT,2022-12-16T20:00:00+00:00,2022-12-20T00:00:00+00:00,7.898072040541817462205311385045665
C1,10,SHORT,2022-12-24T08:00:00+00:00,2022-12-27T12:00:00+00:00,1.449723200863916061400732945514457
C1,10,SHORT,2022-12-27T16:00:00+00:00,2022-12-28T08:00:00+00:00,5.552416341285683632134296746237324
C1,10,SHORT,2022-12-28T12:00:00+00:00,2022-12-30T00:00:00+00:00,3.597463638325220457416886887312275
C1,10,LONG,2023-01-09T08:00:00+00:00,2023-01-12T12:00:00+00:00,-2.024195410630822127557775763530024
C1,10,LONG,2023-01-14T00:00:00+00:00,2023-01-14T04:00:00+00:00,19.59010143752068359526794186155034
C1,10,LONG,2023-02-16T00:00:00+00:00,2023-02-17T04:00:00+00:00,-5.32295604252077274066972681506827
C1,10,LONG,2023-02-19T12:00:00+00:00,2023-02-20T08:00:00+00:00,11.51642162770181003695942909280776
C1,10,LONG,2023-02-20T12:00:00+00:00,2023-02-22T04:00:00+00:00,-7.536463567431048430794749999011837
C1,10,SHORT,2023-03-03T08:00:00+00:00,2023-03-06T12:00:00+00:00,1.392698496864015237529893175857126
C1,10,SHORT,2023-03-07T12:00:00+00:00,2023-03-09T00:00:00+00:00,8.978282045711973880535258014096541
C1,10,SHORT,2023-03-09T04:00:00+00:00,2023-03-11T04:00:00+00:00,1.807918588319645141864190921650302
C1,10,SHORT,2023-03-28T04:00:00+00:00,2023-03-29T08:00:00+00:00,-7.794576436285506048144291279250258
C1,10,LONG,2023-04-12T04:00:00+00:00,2023-04-14T04:00:00+00:00,10.86640837906877946809997884466415
C1,10,LONG,2023-04-14T08:00:00+00:00,2023-04-17T12:00:00+00:00,-0.2770194779078357725209379449363316
C1,10,LONG,2023-04-29T12:00:00+00:00,2023-05-01T04:00:00+00:00,-4.967538257643765875953978338266321
C1,10,SHORT,2023-05-09T00:00:00+00:00,2023-05-12T04:00:00+00:00,2.788572079238786638287915644151013
C1,10,SHORT,2023-05-24T08:00:00+00:00,2023-05-27T12:00:00+00:00,-0.5971906792712674832946604387468643
C1,10,LONG,2023-06-05T00:00:00+00:00,2023-06-05T16:00:00+00:00,-8.883776766609960365208967577015801
C1,10,SHORT,2023-06-06T08:00:00+00:00,2023-06-09T12:00:00+00:00,3.833978504924103842966259249027498
C1,10,SHORT,2023-06-09T20:00:00+00:00,2023-06-10T08:00:00+00:00,16.9567120199425600705075575890683
C1,10,LONG,2023-07-08T00:00:00+00:00,2023-07-11T04:00:00+00:00,0.8617833543785653596620501123757476
C1,10,LONG,2023-07-11T16:00:00+00:00,2023-07-13T16:00:00+00:00,8.230639657298647542690904426987927
C1,10,LONG,2023-07-13T20:00:00+00:00,2023-07-14T04:00:00+00:00,8.629194317349759103507819795448693
C1,10,LONG,2023-07-28T16:00:00+00:00,2023-07-31T00:00:00+00:00,-4.141911906642704297016624060517517
C1,10,LONG,2023-08-09T04:00:00+00:00,2023-08-12T08:00:00+00:00,0.6930226776188924907687149968302185
C1,10,LONG,2023-08-13T00:00:00+00:00,2023-08-14T04:00:00+00:00,-2.387804854300297838870748576229998
C1,10,LONG,2023-08-15T00:00:00+00:00,2023-08-15T20:00:00+00:00,-4.746625095570216870983322356922489
C1,10,SHORT,2023-08-18T16:00:00+00:00,2023-08-21T20:00:00+00:00,1.213422125421723216434379043301264
C1,10,SHORT,2023-08-22T16:00:00+00:00,2023-08-23T04:00:00+00:00,0.2144945737236100603295568536411903
C1,10,SHORT,2023-08-27T00:00:00+00:00,2023-08-29T16:00:00+00:00,-5.455456523729756688078399626771138
C1,10,SHORT,2023-09-01T00:00:00+00:00,2023-09-04T04:00:00+00:00,-0.3525020472892237210169919924124405
C1,10,SHORT,2023-09-10T08:00:00+00:00,2023-09-12T04:00:00+00:00,1.497608826894586914304085745127163
C1,10,LONG,2023-10-01T08:00:00+00:00,2023-10-01T12:00:00+00:00,7.205136151433623513164996227482027
C1,10,LONG,2023-10-01T16:00:00+00:00,2023-10-02T20:00:00+00:00,2.970718852803954167350511489285069
C1,10,LONG,2023-10-03T16:00:00+00:00,2023-10-06T20:00:00+00:00,-2.726033594294507739126234361306439
C1,10,LONG,2023-10-16T08:00:00+00:00,2023-10-16T16:00:00+00:00,1.262203423137772517313257887390637
C1,10,LONG,2023-10-16T20:00:00+00:00,2023-10-20T00:00:00+00:00,4.242248477065284420677439882860014
C1,10,LONG,2023-10-20T04:00:00+00:00,2023-10-21T08:00:00+00:00,9.013850195205523225125675242580793
C1,10,LONG,2023-10-21T12:00:00+00:00,2023-10-24T16:00:00+00:00,4.545247809354959554647438237314623
C1,10,LONG,2023-10-30T12:00:00+00:00,2023-11-01T12:00:00+00:00,11.99563036041382102555154933285706
C1,10,LONG,2023-11-01T16:00:00+00:00,2023-11-02T16:00:00+00:00,-1.649484448147917288620460010694872
C1,10,LONG,2023-11-08T04:00:00+00:00,2023-11-09T20:00:00+00:00,2.088114143664255538611412117778176
C1,10,LONG,2023-11-29T20:00:00+00:00,2023-12-03T00:00:00+00:00,5.73245683231055539069944128224223
C1,10,LONG,2023-12-03T04:00:00+00:00,2023-12-04T12:00:00+00:00,-3.351746799306022472321024567591995
C1,10,LONG,2023-12-06T20:00:00+00:00,2023-12-09T00:00:00+00:00,15.92562582815848476871968630997539
C1,10,LONG,2023-12-09T04:00:00+00:00,2023-12-11T04:00:00+00:00,-4.720212978385209139928916909957131
C1,10,LONG,2023-12-21T08:00:00+00:00,2023-12-23T20:00:00+00:00,18.18462226068522571973632820918157
C1,10,SHORT,2024-01-23T00:00:00+00:00,2024-01-26T04:00:00+00:00,-5.145340783704718672481649700094257
C1,10,LONG,2024-01-30T08:00:00+00:00,2024-02-01T00:00:00+00:00,-5.926571669610234041758125414665165
C1,10,LONG,2024-02-08T16:00:00+00:00,2024-02-11T20:00:00+00:00,3.181962066061162584720286891479387
C1,10,LONG,2024-02-13T04:00:00+00:00,2024-02-16T08:00:00+00:00,-1.564137960299071949965416512026551
C1,10,LONG,2024-02-27T04:00:00+00:00,2024-02-29T00:00:00+00:00,8.176295538431008218670379522869105
C1,10,LONG,2024-02-29T12:00:00+00:00,2024-03-03T16:00:00+00:00,-0.165973574320490787040724834727273
C1,10,LONG,2024-03-14T12:00:00+00:00,2024-03-14T20:00:00+00:00,-6.449382529284654178803334950561166
C1,10,LONG,2024-03-15T00:00:00+00:00,2024-03-18T04:00:00+00:00,14.84505482545160126405201913556581
C1,10,LONG,2024-03-25T08:00:00+00:00,2024-03-28T12:00:00+00:00,-0.3935685715534477317987048605321235
C1,10,LONG,2024-03-30T20:00:00+00:00,2024-04-02T04:00:00+00:00,-6.402729052769021269455708378761846
C1,10,SHORT,2024-04-26T00:00:00+00:00,2024-04-29T04:00:00+00:00,6.563973436409107316473756377003491
C1,10,SHORT,2024-04-29T08:00:00+00:00,2024-05-01T20:00:00+00:00,3.585846391277575859630311013966109
C1,10,LONG,2024-05-17T04:00:00+00:00,2024-05-20T08:00:00+00:00,9.366507145130082424340787248037881
C1,10,LONG,2024-05-20T12:00:00+00:00,2024-05-21T16:00:00+00:00,-0.7581322096836267303756243904945287
C1,10,LONG,2024-06-05T12:00:00+00:00,2024-06-07T20:00:00+00:00,-6.598753617062883914194614071317717
C1,10,SHORT,2024-06-11T20:00:00+00:00,2024-06-12T16:00:00+00:00,-6.656907366598300718299198004125608
C1,10,SHORT,2024-06-14T20:00:00+00:00,2024-06-17T04:00:00+00:00,-4.1575079141475924334189006685365
C1,10,SHORT,2024-06-18T04:00:00+00:00,2024-06-21T08:00:00+00:00,2.788768636628771342713972081025965
C1,10,SHORT,2024-06-24T04:00:00+00:00,2024-06-25T04:00:00+00:00,-7.810851111384038179977717442411784
C1,10,SHORT,2024-07-04T08:00:00+00:00,2024-07-05T16:00:00+00:00,-0.6124341730013830296968100781173706
C1,10,LONG,2024-07-16T08:00:00+00:00,2024-07-17T20:00:00+00:00,1.240760908942714456287309498709565
C1,10,LONG,2024-07-19T16:00:00+00:00,2024-07-22T20:00:00+00:00,8.074871327976776473544523404045619
C1,10,LONG,2024-07-26T16:00:00+00:00,2024-07-29T20:00:00+00:00,2.71687090741621188885019108184356
C1,10,SHORT,2024-08-28T20:00:00+00:00,2024-09-01T00:00:00+00:00,5.858302040730992044006934679572423
C1,10,SHORT,2024-09-01T04:00:00+00:00,2024-09-04T08:00:00+00:00,2.605025969240218795572763987248924
C1,10,SHORT,2024-09-16T20:00:00+00:00,2024-09-19T04:00:00+00:00,-5.59541361695736565540838628015234
C1,10,LONG,2024-09-27T04:00:00+00:00,2024-09-30T08:00:00+00:00,0.4580234832632189857490448998473953
C1,10,LONG,2024-10-14T12:00:00+00:00,2024-10-15T20:00:00+00:00,0.998423693263429637279680327623396
C1,10,LONG,2024-10-16T00:00:00+00:00,2024-10-19T04:00:00+00:00,-0.3740624450175414067930309243862398
C1,10,LONG,2024-10-19T16:00:00+00:00,2024-10-21T04:00:00+00:00,8.069139255830395763229070438317699
C1,10,LONG,2024-10-21T08:00:00+00:00,2024-10-21T16:00:00+00:00,-2.275446464054977993297024624448777
C1,10,LONG,2024-10-23T20:00:00+00:00,2024-10-26T00:00:00+00:00,-4.973600461711073904196824472559225
C1,10,LONG,2024-11-06T08:00:00+00:00,2024-11-09T12:00:00+00:00,9.627013378534361969604839447566038
C1,10,LONG,2024-11-10T08:00:00+00:00,2024-11-12T16:00:00+00:00,2.369032465474282643569929563316008
C1,10,LONG,2024-11-17T16:00:00+00:00,2024-11-20T20:00:00+00:00,-0.8439162938968518686290699556196416
C1,10,LONG,2024-11-21T20:00:00+00:00,2024-11-25T00:00:00+00:00,-0.7648643308123944930138951664868138
C1,10,SHORT,2024-12-18T20:00:00+00:00,2024-12-20T12:00:00+00:00,16.53064908998088157551774597134532
C1,10,SHORT,2024-12-23T00:00:00+00:00,2024-12-24T16:00:00+00:00,-9.860550723030908365945723044380093
C1,10,SHORT,2025-01-08T12:00:00+00:00,2025-01-11T16:00:00+00:00,4.059477873415954090650394786512886
C1,10,SHORT,2025-01-13T12:00:00+00:00,2025-01-14T08:00:00+00:00,-6.118569891006109115163642427274243
C1,10,LONG,2025-01-18T16:00:00+00:00,2025-01-20T00:00:00+00:00,-2.253183470103330055965623728330782
C1,10,SHORT,2025-02-06T16:00:00+00:00,2025-02-09T20:00:00+00:00,-4.38016309178440722655445677647054
C1,10,SHORT,2025-02-17T12:00:00+00:00,2025-02-18T12:00:00+00:00,8.150235582168710833574261802693379
C1,10,SHORT,2025-02-18T16:00:00+00:00,2025-02-21T12:00:00+00:00,-7.075842497777563297410193892996632
C1,10,SHORT,2025-02-24T08:00:00+00:00,2025-02-25T00:00:00+00:00,11.65181131967336690280495866577409
C1,10,SHORT,2025-03-10T08:00:00+00:00,2025-03-11T20:00:00+00:00,-0.3197147614318886522152334162817016
C1,10,SHORT,2025-03-18T12:00:00+00:00,2025-03-19T16:00:00+00:00,-7.419106972117265052947429165218739
C1,10,SHORT,2025-03-28T20:00:00+00:00,2025-04-01T00:00:00+00:00,3.469440553558570477717829721392117
C1,10,SHORT,2025-04-03T08:00:00+00:00,2025-04-06T12:00:00+00:00,-0.2925457125223375664558816215595782
C1,10,SHORT,2025-04-06T20:00:00+00:00,2025-04-07T16:00:00+00:00,0.9983800564542198897282576306203646
C1,10,LONG,2025-04-19T12:00:00+00:00,2025-04-22T16:00:00+00:00,4.423242262458414553673134232961386
C1,10,LONG,2025-04-22T20:00:00+00:00,2025-04-26T00:00:00+00:00,4.199212214665439941739992092048949
C1,10,LONG,2025-05-08T20:00:00+00:00,2025-05-11T00:00:00+00:00,10.50866653913754208528839819063095
C1,10,LONG,2025-05-11T04:00:00+00:00,2025-05-14T08:00:00+00:00,3.000618385890513667726093730795478
C1,10,LONG,2025-05-22T20:00:00+00:00,2025-05-26T00:00:00+00:00,-1.500617994242838081465510916495853
C1,10,SHORT,2025-06-05T20:00:00+00:00,2025-06-09T00:00:00+00:00,-4.609207117230664120227203491616514
C1,10,SHORT,2025-06-13T04:00:00+00:00,2025-06-16T04:00:00+00:00,-7.795232390208942192364939770631114
C1,10,SHORT,2025-06-18T20:00:00+00:00,2025-06-22T00:00:00+00:00,6.172464717125346172681919282639432
C1,10,SHORT,2025-06-22T04:00:00+00:00,2025-06-23T16:00:00+00:00,0.9781420682427487150012192807396669
C1,10,LONG,2025-07-10T00:00:00+00:00,2025-07-13T04:00:00+00:00,2.343538244831428283156855428516548
C1,10,LONG,2025-07-14T08:00:00+00:00,2025-07-15T04:00:00+00:00,-5.117977777057969994881341406275629
C1,10,LONG,2025-07-16T16:00:00+00:00,2025-07-19T20:00:00+00:00,4.826433598243544245300049365463407
C1,10,LONG,2025-07-20T20:00:00+00:00,2025-07-22T04:00:00+00:00,9.693328269916481636077982112482999
C1,10,LONG,2025-07-22T08:00:00+00:00,2025-07-24T00:00:00+00:00,-4.699879897312281438127381280848701
C1,10,LONG,2025-08-08T12:00:00+00:00,2025-08-11T16:00:00+00:00,1.146944360040981452333730068310442
C1,10,LONG,2025-08-12T20:00:00+00:00,2025-08-14T16:00:00+00:00,1.92657656072041105530016987025829
C1,10,LONG,2025-08-23T12:00:00+00:00,2025-08-26T00:00:00+00:00,-7.712003862056622222745757255850635
C1,10,LONG,2025-08-27T12:00:00+00:00,2025-08-30T16:00:00+00:00,-2.211366483268876775525687996313373
C1,10,LONG,2025-09-09T04:00:00+00:00,2025-09-12T04:00:00+00:00,9.189021165428062614322051514678388
C1,10,LONG,2025-09-12T08:00:00+00:00,2025-09-15T08:00:00+00:00,-0.0251387289590812382064198079395485
C1,10,LONG,2025-09-18T04:00:00+00:00,2025-09-21T08:00:00+00:00,-3.065455394178075693939270344066693
C1,10,LONG,2025-10-03T08:00:00+00:00,2025-10-06T12:00:00+00:00,1.257833955397522014815186767838034
C1,10,LONG,2025-10-06T20:00:00+00:00,2025-10-07T16:00:00+00:00,-5.189281408628016013547424254890806
C1,10,SHORT,2025-10-16T16:00:00+00:00,2025-10-19T20:00:00+00:00,-0.963681270328407893546466370325158
C1,10,SHORT,2025-10-31T00:00:00+00:00,2025-11-03T04:00:00+00:00,3.558127822280769195622969126115421
C1,10,SHORT,2025-11-03T08:00:00+00:00,2025-11-04T20:00:00+00:00,12.14034902462137893502687772680357
C1,10,SHORT,2025-11-05T00:00:00+00:00,2025-11-08T04:00:00+00:00,-5.142286502846652816831256249736722
C1,10,SHORT,2025-11-13T20:00:00+00:00,2025-11-17T00:00:00+00:00,3.585492935350567890529182562139138
C1,10,SHORT,2025-11-17T20:00:00+00:00,2025-11-18T16:00:00+00:00,-8.039726548971137319932918164065831
C1,10,SHORT,2025-11-21T08:00:00+00:00,2025-11-24T12:00:00+00:00,-1.976337382488243682446332701219733
C1,10,SHORT,2025-12-01T12:00:00+00:00,2025-12-02T16:00:00+00:00,-8.744456947099851342967053789657178
C1,10,SHORT,2025-12-06T04:00:00+00:00,2025-12-09T08:00:00+00:00,0.1173286894780728684448143121281256
C1,20,SHORT,2022-01-18T20:00:00+00:00,2022-01-21T16:00:00+00:00,10.59787260481182292562302124823302
C1,20,SHORT,2022-02-12T16:00:00+00:00,2022-02-15T20:00:00+00:00,-7.452425016581413152977229948532244
C1,20,SHORT,2022-02-18T04:00:00+00:00,2022-02-21T04:00:00+00:00,-0.0014323206127879789795995208704798
C1,20,SHORT,2022-03-06T20:00:00+00:00,2022-03-10T00:00:00+00:00,-3.741883799856818815741116346639909
C1,20,LONG,2022-03-25T00:00:00+00:00,2022-03-28T04:00:00+00:00,3.899164539277646679293437730534037
C1,20,LONG,2022-03-28T08:00:00+00:00,2022-03-30T16:00:00+00:00,12.22719653071951740096667262665212
C1,20,LONG,2022-03-30T20:00:00+00:00,2022-04-03T00:00:00+00:00,8.769744499900369375568260121567546
C1,20,SHORT,2022-04-25T04:00:00+00:00,2022-04-28T08:00:00+00:00,-2.019198375384444932880207647876137
C1,20,SHORT,2022-04-29T12:00:00+00:00,2022-05-01T00:00:00+00:00,11.11976957913437571769327599546557
C1,20,SHORT,2022-05-01T04:00:00+00:00,2022-05-04T08:00:00+00:00,0.2315052952472959581920944087554428
C1,20,SHORT,2022-05-06T04:00:00+00:00,2022-05-09T08:00:00+00:00,10.28183407684471775839493596677273
C1,20,SHORT,2022-05-09T12:00:00+00:00,2022-05-10T08:00:00+00:00,4.038259842317057838310080245621628
C1,20,SHORT,2022-05-26T00:00:00+00:00,2022-05-29T04:00:00+00:00,11.24475195625822058235714528883063
C1,20,SHORT,2022-06-03T08:00:00+00:00,2022-06-06T04:00:00+00:00,-4.058868383442372820642012626458213
C1,20,SHORT,2022-07-11T20:00:00+00:00,2022-07-14T04:00:00+00:00,1.625261679260742599010365609408715
C1,20,LONG,2022-07-18T08:00:00+00:00,2022-07-21T00:00:00+00:00,-0.7032040715352384314847087755751764
C1,20,LONG,2022-07-28T20:00:00+00:00,2022-08-01T00:00:00+00:00,-0.0521043688372213127942138161009293
C1,20,LONG,2022-08-08T08:00:00+00:00,2022-08-09T16:00:00+00:00,-6.493895039891707158130207374248105
C1,20,LONG,2022-08-11T04:00:00+00:00,2022-08-14T08:00:00+00:00,8.386181628717715166771777597633248
C1,20,LONG,2022-08-14T12:00:00+00:00,2022-08-15T12:00:00+00:00,-6.66583737478974768934336631540192
C1,20,SHORT,2022-08-20T20:00:00+00:00,2022-08-24T00:00:00+00:00,-4.177726697076787728806474147512621
C1,20,SHORT,2022-08-27T00:00:00+00:00,2022-08-30T04:00:00+00:00,-2.421625960612759009622083849529193
C1,20,SHORT,2022-09-16T16:00:00+00:00,2022-09-19T20:00:00+00:00,-2.133092623037131800355397322163649
C1,20,SHORT,2022-10-09T00:00:00+00:00,2022-10-12T04:00:00+00:00,4.557752164864808660206220724889129
C1,20,SHORT,2022-10-12T08:00:00+00:00,2022-10-13T12:00:00+00:00,7.363487909509904766917101955871172
C1,20,SHORT,2022-10-13T16:00:00+00:00,2022-10-14T04:00:00+00:00,-7.225168752287813403175861435279649
C1,20,SHORT,2022-10-15T20:00:00+00:00,2022-10-18T04:00:00+00:00,-4.791078198832255912296697153598123
C1,20,SHORT,2022-10-20T00:00:00+00:00,2022-10-23T04:00:00+00:00,1.170428951270081161921135635732143
C1,20,LONG,2022-11-04T16:00:00+00:00,2022-11-05T16:00:00+00:00,11.91744419181617902570209680091246
C1,20,LONG,2022-11-05T20:00:00+00:00,2022-11-06T20:00:00+00:00,-8.200445221032624438125317861286518
C1,20,SHORT,2022-12-16T20:00:00+00:00,2022-12-20T00:00:00+00:00,7.70616202260030079633338861919656
C1,20,SHORT,2022-12-24T08:00:00+00:00,2022-12-27T12:00:00+00:00,1.251371275989654239284250161244241
C1,20,SHORT,2022-12-27T16:00:00+00:00,2022-12-28T08:00:00+00:00,5.35816301095729770169686847125854
C1,20,SHORT,2022-12-28T12:00:00+00:00,2022-12-30T00:00:00+00:00,3.401257308293577321010709951135764
C1,20,LONG,2023-01-09T08:00:00+00:00,2023-01-12T12:00:00+00:00,-2.222369389198759242545205417420385
C1,20,LONG,2023-01-14T00:00:00+00:00,2023-01-14T04:00:00+00:00,19.37029152617181404211952550333057
C1,20,LONG,2023-02-16T00:00:00+00:00,2023-02-17T04:00:00+00:00,-5.51782795839412532050889625769583
C1,20,LONG,2023-02-19T12:00:00+00:00,2023-02-20T08:00:00+00:00,11.30469347792433074763314337800015
C1,20,LONG,2023-02-20T12:00:00+00:00,2023-02-22T04:00:00+00:00,-7.729119760056242576509670169182997
C1,20,SHORT,2023-03-03T08:00:00+00:00,2023-03-06T12:00:00+00:00,1.194289604253489778226726235972868
C1,20,SHORT,2023-03-07T12:00:00+00:00,2023-03-09T00:00:00+00:00,8.787451158644753075221107422702032
C1,20,SHORT,2023-03-09T04:00:00+00:00,2023-03-11T04:00:00+00:00,1.609924500995289143004914389104498
C1,20,SHORT,2023-03-28T04:00:00+00:00,2023-03-29T08:00:00+00:00,-8.002163425732344715525054807001757
C1,20,LONG,2023-04-12T04:00:00+00:00,2023-04-14T04:00:00+00:00,10.65533089320384575491869758455938
C1,20,LONG,2023-04-14T08:00:00+00:00,2023-04-17T12:00:00+00:00,-0.4769423813333534544303263954419008
C1,20,LONG,2023-04-29T12:00:00+00:00,2023-05-01T04:00:00+00:00,-5.162765947075553898100170552141931
C1,20,SHORT,2023-05-09T00:00:00+00:00,2023-05-12T04:00:00+00:00,2.591557665731532678885605869569746
C1,20,SHORT,2023-05-24T08:00:00+00:00,2023-05-27T12:00:00+00:00,-0.7975874731566533648963534062181399
C1,20,LONG,2023-06-05T00:00:00+00:00,2023-06-05T16:00:00+00:00,-9.07508429737411455903758722909086
C1,20,SHORT,2023-06-06T08:00:00+00:00,2023-06-09T12:00:00+00:00,3.638008453480471579073118648876677
C1,20,SHORT,2023-06-09T20:00:00+00:00,2023-06-10T08:00:00+00:00,16.77385159239005513551305964460184
C1,20,LONG,2023-07-08T00:00:00+00:00,2023-07-11T04:00:00+00:00,0.6607205081779862151578838960470432
C1,20,LONG,2023-07-11T16:00:00+00:00,2023-07-13T16:00:00+00:00,8.022200578562612860465988606740692
C1,20,LONG,2023-07-13T20:00:00+00:00,2023-07-14T04:00:00+00:00,8.420356285000059644945749905763559
C1,20,LONG,2023-07-28T16:00:00+00:00,2023-07-31T00:00:00+00:00,-4.33796604887829718560819901140789
C1,20,LONG,2023-08-09T04:00:00+00:00,2023-08-12T08:00:00+00:00,0.4921287610246793851723499167533114
C1,20,LONG,2023-08-13T00:00:00+00:00,2023-08-14T04:00:00+00:00,-2.585614859451148391584591670748287
C1,20,LONG,2023-08-15T00:00:00+00:00,2023-08-15T20:00:00+00:00,-4.942073919298374812053409121329974
C1,20,SHORT,2023-08-18T16:00:00+00:00,2023-08-21T20:00:00+00:00,1.014834135537029633234013787600266
C1,20,SHORT,2023-08-22T16:00:00+00:00,2023-08-23T04:00:00+00:00,0.0149086542168404400102057615868858
C1,20,SHORT,2023-08-27T00:00:00+00:00,2023-08-29T16:00:00+00:00,-5.660706730047169032422134291732948
C1,20,SHORT,2023-09-01T00:00:00+00:00,2023-09-04T04:00:00+00:00,-0.5526543969868153531059200563409245
C1,20,SHORT,2023-09-10T08:00:00+00:00,2023-09-12T04:00:00+00:00,1.299304739808567520612081834782634
C1,20,LONG,2023-10-01T08:00:00+00:00,2023-10-01T12:00:00+00:00,6.997723602733489755894560795822886
C1,20,LONG,2023-10-01T16:00:00+00:00,2023-10-02T20:00:00+00:00,2.767544960058404663679489956262761
C1,20,LONG,2023-10-03T16:00:00+00:00,2023-10-06T20:00:00+00:00,-2.923505032138056780428410302886713
C1,20,LONG,2023-10-16T08:00:00+00:00,2023-10-16T16:00:00+00:00,1.06073975604754451679542679841427
C1,20,LONG,2023-10-16T20:00:00+00:00,2023-10-20T00:00:00+00:00,4.037801781893046898734819822917211
C1,20,LONG,2023-10-20T04:00:00+00:00,2023-10-21T08:00:00+00:00,8.804627121937049227903327219314947
C1,20,LONG,2023-10-21T12:00:00+00:00,2023-10-24T16:00:00+00:00,4.340497811547797432971114475315309
C1,20,LONG,2023-10-30T12:00:00+00:00,2023-11-01T12:00:00+00:00,11.78342252221520859209253877296431
C1,20,LONG,2023-11-01T16:00:00+00:00,2023-11-02T16:00:00+00:00,-1.848033512764385839883102192866348
C1,20,LONG,2023-11-08T04:00:00+00:00,2023-11-09T20:00:00+00:00,1.88582373911604307060479408763025
C1,20,LONG,2023-11-29T20:00:00+00:00,2023-12-03T00:00:00+00:00,5.52651843708301729721525765733508
C1,20,LONG,2023-12-03T04:00:00+00:00,2023-12-04T12:00:00+00:00,-3.548591897605015442819201720176988
C1,20,LONG,2023-12-06T20:00:00+00:00,2023-12-09T00:00:00+00:00,15.70948406056273052971195889625169
C1,20,LONG,2023-12-09T04:00:00+00:00,2023-12-11T04:00:00+00:00,-4.915688240669107829478537613750967
C1,20,LONG,2023-12-21T08:00:00+00:00,2023-12-23T20:00:00+00:00,17.9662192353992545228196752279912
C1,20,SHORT,2024-01-23T00:00:00+00:00,2024-01-26T04:00:00+00:00,-5.350281184088040069756856143351095
C1,20,LONG,2024-01-30T08:00:00+00:00,2024-02-01T00:00:00+00:00,-6.120839365636650223898507671507342
C1,20,LONG,2024-02-08T16:00:00+00:00,2024-02-11T20:00:00+00:00,2.978576718647687947498344662358787
C1,20,LONG,2024-02-13T04:00:00+00:00,2024-02-16T08:00:00+00:00,-1.762772456835309115180666345347846
C1,20,LONG,2024-02-27T04:00:00+00:00,2024-02-29T00:00:00+00:00,7.967910858212358560793832596419786
C1,20,LONG,2024-02-29T12:00:00+00:00,2024-03-03T16:00:00+00:00,-0.3660076348066564619285719570148333
C1,20,LONG,2024-03-14T12:00:00+00:00,2024-03-14T20:00:00+00:00,-6.643126891117202072518246527187231
C1,20,LONG,2024-03-15T00:00:00+00:00,2024-03-18T04:00:00+00:00,14.62999471051120927079470980710178
C1,20,LONG,2024-03-25T08:00:00+00:00,2024-03-28T12:00:00+00:00,-0.5933748092195603967318392901011604
C1,20,LONG,2024-03-30T20:00:00+00:00,2024-04-02T04:00:00+00:00,-6.596520114778261488405202164168491
C1,20,SHORT,2024-04-26T00:00:00+00:00,2024-04-29T04:00:00+00:00,6.370730652629296234871832057699798
C1,20,SHORT,2024-04-29T08:00:00+00:00,2024-05-01T20:00:00+00:00,3.389628455604526484864706929064976
C1,20,LONG,2024-05-17T04:00:00+00:00,2024-05-20T08:00:00+00:00,9.156931061901723983475581254796602
C1,20,LONG,2024-05-20T12:00:00+00:00,2024-05-21T16:00:00+00:00,-0.9575735187830425194343074491627024
C1,20,LONG,2024-06-05T12:00:00+00:00,2024-06-07T20:00:00+00:00,-6.792348458287045191557782625800883
C1,20,SHORT,2024-06-11T20:00:00+00:00,2024-06-12T16:00:00+00:00,-6.863357823507989330405391009124735
C1,20,SHORT,2024-06-14T20:00:00+00:00,2024-06-17T04:00:00+00:00,-4.361461468507380238047690779094478
C1,20,SHORT,2024-06-18T04:00:00+00:00,2024-06-21T08:00:00+00:00,2.591754419482546339060339685502515
C1,20,SHORT,2024-06-24T04:00:00+00:00,2024-06-25T04:00:00+00:00,-8.018454359247558697640032844452156
C1,20,SHORT,2024-07-04T08:00:00+00:00,2024-07-05T16:00:00+00:00,-0.8128461951522335621940096885850203
C1,20,LONG,2024-07-16T08:00:00+00:00,2024-07-17T20:00:00+00:00,1.039318705830659687061796676388535
C1,20,LONG,2024-07-19T16:00:00+00:00,2024-07-22T20:00:00+00:00,7.866588173494317237835269626864392
C1,20,LONG,2024-07-26T16:00:00+00:00,2024-07-29T20:00:00+00:00,2.513951116718097562635125825505379
C1,20,SHORT,2024-08-28T20:00:00+00:00,2024-09-01T00:00:00+00:00,5.664354290521932095998949599332235
C1,20,SHORT,2024-09-01T04:00:00+00:00,2024-09-04T08:00:00+00:00,2.407828192985713519644265249973449
C1,20,SHORT,2024-09-16T20:00:00+00:00,2024-09-19T04:00:00+00:00,-5.800803640550729657062140911800844
C1,20,LONG,2024-09-27T04:00:00+00:00,2024-09-30T08:00:00+00:00,0.2573648010977903381156624725202207
C1,20,LONG,2024-10-14T12:00:00+00:00,2024-10-15T20:00:00+00:00,0.797224069946849627632753720688838
C1,20,LONG,2024-10-16T00:00:00+00:00,2024-10-19T04:00:00+00:00,-0.5738882083358421661455904529904578
C1,20,LONG,2024-10-19T16:00:00+00:00,2024-10-21T04:00:00+00:00,7.860861839157892864567179476917981
C1,20,LONG,2024-10-21T08:00:00+00:00,2024-10-21T16:00:00+00:00,-2.473368940066934972282713288488368
C1,20,LONG,2024-10-23T20:00:00+00:00,2024-10-26T00:00:00+00:00,-5.168822082870522278667097921535642
C1,20,LONG,2024-11-06T08:00:00+00:00,2024-11-09T12:00:00+00:00,9.417176528305598844510139908579486
C1,20,LONG,2024-11-10T08:00:00+00:00,2024-11-12T16:00:00+00:00,2.166460861404738817099889593783159
C1,20,LONG,2024-11-17T16:00:00+00:00,2024-11-20T20:00:00+00:00,-1.043271733042100265156968784492895
C1,20,LONG,2024-11-21T20:00:00+00:00,2024-11-25T00:00:00+00:00,-0.9642989010518215255534207969507909
C1,20,SHORT,2024-12-18T20:00:00+00:00,2024-12-20T12:00:00+00:00,16.34736302513570763103774371956844
C1,20,SHORT,2024-12-23T00:00:00+00:00,2024-12-24T16:00:00+00:00,-10.07020162285411606661100348698187
C1,20,SHORT,2025-01-08T12:00:00+00:00,2025-01-11T16:00:00+00:00,3.863733096066719279552143432653259
C1,20,SHORT,2025-01-13T12:00:00+00:00,2025-01-14T08:00:00+00:00,-6.324482548239881451942027684444347
C1,20,LONG,2025-01-18T16:00:00+00:00,2025-01-20T00:00:00+00:00,-2.451128231394517913767459940814936
C1,20,SHORT,2025-02-06T16:00:00+00:00,2025-02-09T20:00:00+00:00,-4.584339078889086954053512177845636
C1,20,SHORT,2025-02-17T12:00:00+00:00,2025-02-18T12:00:00+00:00,7.95857747585719106417723309320556
C1,20,SHORT,2025-02-18T16:00:00+00:00,2025-02-21T12:00:00+00:00,-7.282711471301816607397616664118507
C1,20,SHORT,2025-02-24T08:00:00+00:00,2025-02-25T00:00:00+00:00,11.46365129102169194466590268042522
C1,20,SHORT,2025-03-10T08:00:00+00:00,2025-03-11T20:00:00+00:00,-0.5198343565981542752444194636506144
C1,20,SHORT,2025-03-18T12:00:00+00:00,2025-03-19T16:00:00+00:00,-7.626318867194305277775548475074103
C1,20,SHORT,2025-03-28T20:00:00+00:00,2025-04-01T00:00:00+00:00,3.273106328337350268404860520314586
C1,20,SHORT,2025-04-03T08:00:00+00:00,2025-04-06T12:00:00+00:00,-0.4926381657816006409478455392634338
C1,20,SHORT,2025-04-06T20:00:00+00:00,2025-04-07T16:00:00+00:00,0.7995772393278005289787354104711342
C1,20,LONG,2025-04-19T12:00:00+00:00,2025-04-22T16:00:00+00:00,4.218614392325823548113901866361825
C1,20,LONG,2025-04-22T20:00:00+00:00,2025-04-26T00:00:00+00:00,3.994808598834944005862374482347199
C1,20,LONG,2025-05-08T20:00:00+00:00,2025-05-11T00:00:00+00:00,10.29794715321247948059841981406375
C1,20,LONG,2025-05-11T04:00:00+00:00,2025-05-14T08:00:00+00:00,2.797414563682415055446087630964852
C1,20,LONG,2025-05-22T20:00:00+00:00,2025-05-26T00:00:00+00:00,-1.699316074328681086388968863526387
C1,20,SHORT,2025-06-05T20:00:00+00:00,2025-06-09T00:00:00+00:00,-4.813611919545579868599058839759987
C1,20,SHORT,2025-06-13T04:00:00+00:00,2025-06-16T04:00:00+00:00,-8.002820034954405671078591059113263
C1,20,SHORT,2025-06-18T20:00:00+00:00,2025-06-22T00:00:00+00:00,5.97883081574385301201526785335136
C1,20,SHORT,2025-06-22T04:00:00+00:00,2025-06-23T16:00:00+00:00,0.7793190333458883241071146046964498
C1,20,LONG,2025-07-10T00:00:00+00:00,2025-07-13T04:00:00+00:00,2.140992160502267694284826544203718
C1,20,LONG,2025-07-14T08:00:00+00:00,2025-07-15T04:00:00+00:00,-5.313054876380234289180759482946024
C1,20,LONG,2025-07-16T16:00:00+00:00,2025-07-19T20:00:00+00:00,4.621402133180237394203652919652133
C1,20,LONG,2025-07-20T20:00:00+00:00,2025-07-22T04:00:00+00:00,9.483425038415063736542368516774808
C1,20,LONG,2025-07-22T08:00:00+00:00,2025-07-24T00:00:00+00:00,-4.89537551303068756281394045874575
C1,20,LONG,2025-08-08T12:00:00+00:00,2025-08-11T16:00:00+00:00,0.945596067388287777206268877050872
C1,20,LONG,2025-08-12T20:00:00+00:00,2025-08-14T16:00:00+00:00,1.724447855454424657847416947465238
C1,20,LONG,2025-08-23T12:00:00+00:00,2025-08-26T00:00:00+00:00,-7.904484338671180158458724465804739
C1,20,LONG,2025-08-27T12:00:00+00:00,2025-08-30T16:00:00+00:00,-2.409353103405744766741377998319066
C1,20,LONG,2025-09-09T04:00:00+00:00,2025-09-12T04:00:00+00:00,8.979622745843049538632039451100132
C1,20,LONG,2025-09-12T08:00:00+00:00,2025-09-15T08:00:00+00:00,-0.2253137652664295052352422105342036
C1,20,LONG,2025-09-18T04:00:00+00:00,2025-09-21T08:00:00+00:00,-3.262587070460179722273665468847407
C1,20,LONG,2025-10-03T08:00:00+00:00,2025-10-06T12:00:00+00:00,1.056374662148875846632188582885243
C1,20,LONG,2025-10-06T20:00:00+00:00,2025-10-07T16:00:00+00:00,-5.384287132943703685205534941322346
C1,20,SHORT,2025-10-16T16:00:00+00:00,2025-10-19T20:00:00+00:00,-1.164444188680384325008550752313495
C1,20,SHORT,2025-10-31T00:00:00+00:00,2025-11-03T04:00:00+00:00,3.361882195729601132881333730637015
C1,20,SHORT,2025-11-03T08:00:00+00:00,2025-11-04T20:00:00+00:00,11.95267704562499669620073075150567
C1,20,SHORT,2025-11-05T00:00:00+00:00,2025-11-08T04:00:00+00:00,-5.347223852000345776688230531704491
C1,20,SHORT,2025-11-13T20:00:00+00:00,2025-11-17T00:00:00+00:00,3.389274646574694331978262664598817
C1,20,SHORT,2025-11-17T20:00:00+00:00,2025-11-18T16:00:00+00:00,-8.247558443625454140432351648745218
C1,20,SHORT,2025-11-21T08:00:00+00:00,2025-11-24T12:00:00+00:00,-2.178111945307912257553671694927245
C1,20,SHORT,2025-12-01T12:00:00+00:00,2025-12-02T16:00:00+00:00,-8.952992868125925120532455441794697
C1,20,SHORT,2025-12-06T04:00:00+00:00,2025-12-09T08:00:00+00:00,-0.082354298844126858959336722525093
C1,30,SHORT,2022-01-18T20:00:00+00:00,2022-01-21T16:00:00+00:00,10.40884852557510817804380270656459
C1,30,SHORT,2022-02-12T16:00:00+00:00,2022-02-15T20:00:00+00:00,-7.659463364901354683070021595187465
C1,30,SHORT,2022-02-18T04:00:00+00:00,2022-02-21T04:00:00+00:00,-0.2010345484776710009147089016298316
C1,30,SHORT,2022-03-06T20:00:00+00:00,2022-03-10T00:00:00+00:00,-3.94521901322992941336161646275432
C1,30,LONG,2022-03-25T00:00:00+00:00,2022-03-28T04:00:00+00:00,3.694856759178170079414386189721879
C1,30,LONG,2022-03-28T08:00:00+00:00,2022-03-30T16:00:00+00:00,12.01454402918573030938253768414044
C1,30,LONG,2022-03-30T20:00:00+00:00,2022-04-03T00:00:00+00:00,8.560556379158986239921398137477799
C1,30,SHORT,2022-04-25T04:00:00+00:00,2022-04-28T08:00:00+00:00,-2.220814341826944378921006258303159
C1,30,SHORT,2022-04-29T12:00:00+00:00,2022-05-01T00:00:00+00:00,10.9312663551614559329803950333852
C1,30,SHORT,2022-05-01T04:00:00+00:00,2022-05-04T08:00:00+00:00,0.0321355400529319821024657604607876
C1,30,SHORT,2022-05-06T04:00:00+00:00,2022-05-09T08:00:00+00:00,10.09249458989546098969073929608089
C1,30,SHORT,2022-05-09T12:00:00+00:00,2022-05-10T08:00:00+00:00,3.842689243357294422979052381595302
C1,30,SHORT,2022-05-26T00:00:00+00:00,2022-05-29T04:00:00+00:00,11.05637346519660204002416838792128
C1,30,SHORT,2022-06-03T08:00:00+00:00,2022-06-06T04:00:00+00:00,-4.262519948695309320463012639059469
C1,30,SHORT,2022-07-11T20:00:00+00:00,2022-07-14T04:00:00+00:00,1.427282898501521783240914876483974
C1,30,LONG,2022-07-18T08:00:00+00:00,2022-07-21T00:00:00+00:00,-0.902900259840313342876006662573598
C1,30,LONG,2022-07-28T20:00:00+00:00,2022-08-01T00:00:00+00:00,-0.2524529616540176842242797341208682
C1,30,LONG,2022-08-08T08:00:00+00:00,2022-08-09T16:00:00+00:00,-6.687788932637306649955728208542446
C1,30,LONG,2022-08-11T04:00:00+00:00,2022-08-14T08:00:00+00:00,8.177377839510583187646755776393134
C1,30,LONG,2022-08-14T12:00:00+00:00,2022-08-15T12:00:00+00:00,-6.859558980626631709694725667791296
C1,30,SHORT,2022-08-20T20:00:00+00:00,2022-08-24T00:00:00+00:00,-4.381496883401215660671550469017125
C1,30,SHORT,2022-08-27T00:00:00+00:00,2022-08-30T04:00:00+00:00,-2.623643551391813659332285530017745
C1,30,SHORT,2022-09-16T16:00:00+00:00,2022-09-19T20:00:00+00:00,-2.334822256393456283190083347435269
C1,30,SHORT,2022-10-09T00:00:00+00:00,2022-10-12T04:00:00+00:00,4.362700021316769547092654078905984
C1,30,SHORT,2022-10-12T08:00:00+00:00,2022-10-13T12:00:00+00:00,7.17123590143556335450883559055767
C1,30,SHORT,2022-10-13T16:00:00+00:00,2022-10-14T04:00:00+00:00,-7.431980297948779284815757504576335
C1,30,SHORT,2022-10-15T20:00:00+00:00,2022-10-18T04:00:00+00:00,-4.995460512403944790452681881296325
C1,30,SHORT,2022-10-20T00:00:00+00:00,2022-10-23T04:00:00+00:00,0.9719962456326261531006976473446504
C1,30,LONG,2022-11-04T16:00:00+00:00,2022-11-05T16:00:00+00:00,11.70510206336746541946391834720413
C1,30,LONG,2022-11-05T20:00:00+00:00,2022-11-06T20:00:00+00:00,-8.392629143656840245301544997698055
C1,30,SHORT,2022-12-16T20:00:00+00:00,2022-12-20T00:00:00+00:00,7.514252004658784130461465853347454
C1,30,SHORT,2022-12-24T08:00:00+00:00,2022-12-27T12:00:00+00:00,1.053019351115392417167767376974026
C1,30,SHORT,2022-12-27T16:00:00+00:00,2022-12-28T08:00:00+00:00,5.163909680628911771259440196279756
C1,30,SHORT,2022-12-28T12:00:00+00:00,2022-12-30T00:00:00+00:00,3.205050978261934184604533014959252
C1,30,LONG,2023-01-09T08:00:00+00:00,2023-01-12T12:00:00+00:00,-2.420543367766696357532635071310745
C1,30,LONG,2023-01-14T00:00:00+00:00,2023-01-14T04:00:00+00:00,19.1504816148229444889711091451108
C1,30,LONG,2023-02-16T00:00:00+00:00,2023-02-17T04:00:00+00:00,-5.712699874267477900348065700323389
C1,30,LONG,2023-02-19T12:00:00+00:00,2023-02-20T08:00:00+00:00,11.09296532814685145830685766319253
C1,30,LONG,2023-02-20T12:00:00+00:00,2023-02-22T04:00:00+00:00,-7.921775952681436722224590339354156
C1,30,SHORT,2023-03-03T08:00:00+00:00,2023-03-06T12:00:00+00:00,0.9958807116429643189235592960886091
C1,30,SHORT,2023-03-07T12:00:00+00:00,2023-03-09T00:00:00+00:00,8.596620271577532269906956831307523
C1,30,SHORT,2023-03-09T04:00:00+00:00,2023-03-11T04:00:00+00:00,1.411930413670933144145637856558694
C1,30,SHORT,2023-03-28T04:00:00+00:00,2023-03-29T08:00:00+00:00,-8.209750415179183382905818334753255
C1,30,LONG,2023-04-12T04:00:00+00:00,2023-04-14T04:00:00+00:00,10.44425340733891204173741632445461
C1,30,LONG,2023-04-14T08:00:00+00:00,2023-04-17T12:00:00+00:00,-0.67686528475887113633971484594747
C1,30,LONG,2023-04-29T12:00:00+00:00,2023-05-01T04:00:00+00:00,-5.35799363650734192024636276601754
C1,30,SHORT,2023-05-09T00:00:00+00:00,2023-05-12T04:00:00+00:00,2.394543252224278719483296094988478
C1,30,SHORT,2023-05-24T08:00:00+00:00,2023-05-27T12:00:00+00:00,-0.9979842670420392464980463736894155
C1,30,LONG,2023-06-05T00:00:00+00:00,2023-06-05T16:00:00+00:00,-9.26639182813826875286620688116592
C1,30,SHORT,2023-06-06T08:00:00+00:00,2023-06-09T12:00:00+00:00,3.442038402036839315179978048725855
C1,30,SHORT,2023-06-09T20:00:00+00:00,2023-06-10T08:00:00+00:00,16.59099116483755020051856170013537
C1,30,LONG,2023-07-08T00:00:00+00:00,2023-07-11T04:00:00+00:00,0.4596576619774070706537176797183388
C1,30,LONG,2023-07-11T16:00:00+00:00,2023-07-13T16:00:00+00:00,7.813761499826578178241072786493456
C1,30,LONG,2023-07-13T20:00:00+00:00,2023-07-14T04:00:00+00:00,8.211518252650360186383680016078426
C1,30,LONG,2023-07-28T16:00:00+00:00,2023-07-31T00:00:00+00:00,-4.534020191113890074199773962298263
C1,30,LONG,2023-08-09T04:00:00+00:00,2023-08-12T08:00:00+00:00,0.2912348444304662795759848366764043
C1,30,LONG,2023-08-13T00:00:00+00:00,2023-08-14T04:00:00+00:00,-2.783424864601998944298434765266575
C1,30,LONG,2023-08-15T00:00:00+00:00,2023-08-15T20:00:00+00:00,-5.137522743026532753123495885737459
C1,30,SHORT,2023-08-18T16:00:00+00:00,2023-08-21T20:00:00+00:00,0.8162461456523360500336485318992688
C1,30,SHORT,2023-08-22T16:00:00+00:00,2023-08-23T04:00:00+00:00,-0.1846772652899291803091453304674187
C1,30,SHORT,2023-08-27T00:00:00+00:00,2023-08-29T16:00:00+00:00,-5.865956936364581376765868956694757
C1,30,SHORT,2023-09-01T00:00:00+00:00,2023-09-04T04:00:00+00:00,-0.7528067466844069851948481202694085
C1,30,SHORT,2023-09-10T08:00:00+00:00,2023-09-12T04:00:00+00:00,1.101000652722548126920077924438106
C1,30,LONG,2023-10-01T08:00:00+00:00,2023-10-01T12:00:00+00:00,6.790311054033355998624125364163744
C1,30,LONG,2023-10-01T16:00:00+00:00,2023-10-02T20:00:00+00:00,2.564371067312855160008468423240454
C1,30,LONG,2023-10-03T16:00:00+00:00,2023-10-06T20:00:00+00:00,-3.120976469981605821730586244466986
C1,30,LONG,2023-10-16T08:00:00+00:00,2023-10-16T16:00:00+00:00,0.859276088957316516277595709437903
C1,30,LONG,2023-10-16T20:00:00+00:00,2023-10-20T00:00:00+00:00,3.833355086720809376792199762974409
C1,30,LONG,2023-10-20T04:00:00+00:00,2023-10-21T08:00:00+00:00,8.5954040486685752306809791960491
C1,30,LONG,2023-10-21T12:00:00+00:00,2023-10-24T16:00:00+00:00,4.135747813740635311294790713315995
C1,30,LONG,2023-10-30T12:00:00+00:00,2023-11-01T12:00:00+00:00,11.57121468401659615863352821307156
C1,30,LONG,2023-11-01T16:00:00+00:00,2023-11-02T16:00:00+00:00,-2.046582577380854391145744375037825
C1,30,LONG,2023-11-08T04:00:00+00:00,2023-11-09T20:00:00+00:00,1.683533334567830602598176057482324
C1,30,LONG,2023-11-29T20:00:00+00:00,2023-12-03T00:00:00+00:00,5.320580041855479203731074032427931
C1,30,LONG,2023-12-03T04:00:00+00:00,2023-12-04T12:00:00+00:00,-3.745436995904008413317378872761981
C1,30,LONG,2023-12-06T20:00:00+00:00,2023-12-09T00:00:00+00:00,15.49334229296697629070423148252799
C1,30,LONG,2023-12-09T04:00:00+00:00,2023-12-11T04:00:00+00:00,-5.111163502953006519028158317544804
C1,30,LONG,2023-12-21T08:00:00+00:00,2023-12-23T20:00:00+00:00,17.74781621011328332590302224680082
C1,30,SHORT,2024-01-23T00:00:00+00:00,2024-01-26T04:00:00+00:00,-5.555221584471361467032062586607932
C1,30,LONG,2024-01-30T08:00:00+00:00,2024-02-01T00:00:00+00:00,-6.315107061663066406038889928349519
C1,30,LONG,2024-02-08T16:00:00+00:00,2024-02-11T20:00:00+00:00,2.775191371234213310276402433238187
C1,30,LONG,2024-02-13T04:00:00+00:00,2024-02-16T08:00:00+00:00,-1.96140695337154628039591617866914
C1,30,LONG,2024-02-27T04:00:00+00:00,2024-02-29T00:00:00+00:00,7.759526177993708902917285669970468
C1,30,LONG,2024-02-29T12:00:00+00:00,2024-03-03T16:00:00+00:00,-0.5660416952928221368164190793023936
C1,30,LONG,2024-03-14T12:00:00+00:00,2024-03-14T20:00:00+00:00,-6.836871252949749966233158103813296
C1,30,LONG,2024-03-15T00:00:00+00:00,2024-03-18T04:00:00+00:00,14.41493459557081727753740047863775
C1,30,LONG,2024-03-25T08:00:00+00:00,2024-03-28T12:00:00+00:00,-0.7931810468856730616649737196701973
C1,30,LONG,2024-03-30T20:00:00+00:00,2024-04-02T04:00:00+00:00,-6.790311176787501707354695949575135
C1,30,SHORT,2024-04-26T00:00:00+00:00,2024-04-29T04:00:00+00:00,6.177487868849485153269907738396106
C1,30,SHORT,2024-04-29T08:00:00+00:00,2024-05-01T20:00:00+00:00,3.193410519931477110099102844163844
C1,30,LONG,2024-05-17T04:00:00+00:00,2024-05-20T08:00:00+00:00,8.947354978673365542610375261555322
C1,30,LONG,2024-05-20T12:00:00+00:00,2024-05-21T16:00:00+00:00,-1.157014827882458308492990507830876
C1,30,LONG,2024-06-05T12:00:00+00:00,2024-06-07T20:00:00+00:00,-6.985943299511206468920951180284048
C1,30,SHORT,2024-06-11T20:00:00+00:00,2024-06-12T16:00:00+00:00,-7.069808280417677942511584014123862
C1,30,SHORT,2024-06-14T20:00:00+00:00,2024-06-17T04:00:00+00:00,-4.565415022867168042676480889652456
C1,30,SHORT,2024-06-18T04:00:00+00:00,2024-06-21T08:00:00+00:00,2.394740202336321335406707289979064
C1,30,SHORT,2024-06-24T04:00:00+00:00,2024-06-25T04:00:00+00:00,-8.226057607111079215302348246492527
C1,30,SHORT,2024-07-04T08:00:00+00:00,2024-07-05T16:00:00+00:00,-1.01325821730308409469120929905267
C1,30,LONG,2024-07-16T08:00:00+00:00,2024-07-17T20:00:00+00:00,0.8378765027186049178362838540675042
C1,30,LONG,2024-07-19T16:00:00+00:00,2024-07-22T20:00:00+00:00,7.658305019011858002126015849683165
C1,30,LONG,2024-07-26T16:00:00+00:00,2024-07-29T20:00:00+00:00,2.311031326019983236420060569167197
C1,30,SHORT,2024-08-28T20:00:00+00:00,2024-09-01T00:00:00+00:00,5.470406540312872147990964519092048
C1,30,SHORT,2024-09-01T04:00:00+00:00,2024-09-04T08:00:00+00:00,2.210630416731208243715766512697973
C1,30,SHORT,2024-09-16T20:00:00+00:00,2024-09-19T04:00:00+00:00,-6.006193664144093658715895543449347
C1,30,LONG,2024-09-27T04:00:00+00:00,2024-09-30T08:00:00+00:00,0.0567061189323616904822800451930461
C1,30,LONG,2024-10-14T12:00:00+00:00,2024-10-15T20:00:00+00:00,0.59602444663026961798582711375428
C1,30,LONG,2024-10-16T00:00:00+00:00,2024-10-19T04:00:00+00:00,-0.7737139716541429254981499815946757
C1,30,LONG,2024-10-19T16:00:00+00:00,2024-10-21T04:00:00+00:00,7.652584422485389965905288515518264
C1,30,LONG,2024-10-21T08:00:00+00:00,2024-10-21T16:00:00+00:00,-2.671291416078891951268401952527958
C1,30,LONG,2024-10-23T20:00:00+00:00,2024-10-26T00:00:00+00:00,-5.36404370402997065313737137051206
C1,30,LONG,2024-11-06T08:00:00+00:00,2024-11-09T12:00:00+00:00,9.207339678076835719415440369592933
C1,30,LONG,2024-11-10T08:00:00+00:00,2024-11-12T16:00:00+00:00,1.96388925733519499062984962425031
C1,30,LONG,2024-11-17T16:00:00+00:00,2024-11-20T20:00:00+00:00,-1.242627172187348661684867613366149
C1,30,LONG,2024-11-21T20:00:00+00:00,2024-11-25T00:00:00+00:00,-1.163733471291248558092946427414768
C1,30,SHORT,2024-12-18T20:00:00+00:00,2024-12-20T12:00:00+00:00,16.16407696029053368655774146779157
C1,30,SHORT,2024-12-23T00:00:00+00:00,2024-12-24T16:00:00+00:00,-10.27985252267732376727628392958365
C1,30,SHORT,2025-01-08T12:00:00+00:00,2025-01-11T16:00:00+00:00,3.667988318717484468453892078793632
C1,30,SHORT,2025-01-13T12:00:00+00:00,2025-01-14T08:00:00+00:00,-6.530395205473653788720412941614451
C1,30,LONG,2025-01-18T16:00:00+00:00,2025-01-20T00:00:00+00:00,-2.649072992685705771569296153299089
C1,30,SHORT,2025-02-06T16:00:00+00:00,2025-02-09T20:00:00+00:00,-4.788515065993766681552567579220731
C1,30,SHORT,2025-02-17T12:00:00+00:00,2025-02-18T12:00:00+00:00,7.766919369545671294780204383717742
C1,30,SHORT,2025-02-18T16:00:00+00:00,2025-02-21T12:00:00+00:00,-7.489580444826069917385039435240381
C1,30,SHORT,2025-02-24T08:00:00+00:00,2025-02-25T00:00:00+00:00,11.27549126237001698652684669507634
C1,30,SHORT,2025-03-10T08:00:00+00:00,2025-03-11T20:00:00+00:00,-0.7199539517644198982736055110195272
C1,30,SHORT,2025-03-18T12:00:00+00:00,2025-03-19T16:00:00+00:00,-7.833530762271345502603667784929466
C1,30,SHORT,2025-03-28T20:00:00+00:00,2025-04-01T00:00:00+00:00,3.076772103116130059091891319237056
C1,30,SHORT,2025-04-03T08:00:00+00:00,2025-04-06T12:00:00+00:00,-0.6927306190408637154398094569672896
C1,30,SHORT,2025-04-06T20:00:00+00:00,2025-04-07T16:00:00+00:00,0.6007744222013811682292131903219038
C1,30,LONG,2025-04-19T12:00:00+00:00,2025-04-22T16:00:00+00:00,4.013986522193232542554669499762264
C1,30,LONG,2025-04-22T20:00:00+00:00,2025-04-26T00:00:00+00:00,3.790404983004448069984756872645448
C1,30,LONG,2025-05-08T20:00:00+00:00,2025-05-11T00:00:00+00:00,10.08722776728741687590844143749656
C1,30,LONG,2025-05-11T04:00:00+00:00,2025-05-14T08:00:00+00:00,2.594210741474316443166081531134226
C1,30,LONG,2025-05-22T20:00:00+00:00,2025-05-26T00:00:00+00:00,-1.898014154414524091312426810556922
C1,30,SHORT,2025-06-05T20:00:00+00:00,2025-06-09T00:00:00+00:00,-5.01801672186049561697091418790346
C1,30,SHORT,2025-06-13T04:00:00+00:00,2025-06-16T04:00:00+00:00,-8.210407679699869149792242347595412
C1,30,SHORT,2025-06-18T20:00:00+00:00,2025-06-22T00:00:00+00:00,5.785196914362359851348616424063288
C1,30,SHORT,2025-06-22T04:00:00+00:00,2025-06-23T16:00:00+00:00,0.5804959984490279332130099286532326
C1,30,LONG,2025-07-10T00:00:00+00:00,2025-07-13T04:00:00+00:00,1.938446076173107105412797659890889
C1,30,LONG,2025-07-14T08:00:00+00:00,2025-07-15T04:00:00+00:00,-5.508131975702498583480177559616418
C1,30,LONG,2025-07-16T16:00:00+00:00,2025-07-19T20:00:00+00:00,4.416370668116930543107256473840858
C1,30,LONG,2025-07-20T20:00:00+00:00,2025-07-22T04:00:00+00:00,9.273521806913645837006754921066616
C1,30,LONG,2025-07-22T08:00:00+00:00,2025-07-24T00:00:00+00:00,-5.090871128749093687500499636642798
C1,30,LONG,2025-08-08T12:00:00+00:00,2025-08-11T16:00:00+00:00,0.744247774735594102078807685791302
C1,30,LONG,2025-08-12T20:00:00+00:00,2025-08-14T16:00:00+00:00,1.522319150188438260394664024672187
C1,30,LONG,2025-08-23T12:00:00+00:00,2025-08-26T00:00:00+00:00,-8.096964815285738094171691675758842
C1,30,LONG,2025-08-27T12:00:00+00:00,2025-08-30T16:00:00+00:00,-2.607339723542612757957068000324758
C1,30,LONG,2025-09-09T04:00:00+00:00,2025-09-12T04:00:00+00:00,8.770224326258036462942027387521875
C1,30,LONG,2025-09-12T08:00:00+00:00,2025-09-15T08:00:00+00:00,-0.4254888015737777722640646131288587
C1,30,LONG,2025-09-18T04:00:00+00:00,2025-09-21T08:00:00+00:00,-3.459718746742283750608060593628121
C1,30,LONG,2025-10-03T08:00:00+00:00,2025-10-06T12:00:00+00:00,0.8549153689002296784491903979324526
C1,30,LONG,2025-10-06T20:00:00+00:00,2025-10-07T16:00:00+00:00,-5.579292857259391356863645627753887
C1,30,SHORT,2025-10-16T16:00:00+00:00,2025-10-19T20:00:00+00:00,-1.365207107032360756470635134301832
C1,30,SHORT,2025-10-31T00:00:00+00:00,2025-11-03T04:00:00+00:00,3.165636569178433070139698335158608
C1,30,SHORT,2025-11-03T08:00:00+00:00,2025-11-04T20:00:00+00:00,11.76500506662861445737458377620777
C1,30,SHORT,2025-11-05T00:00:00+00:00,2025-11-08T04:00:00+00:00,-5.55216120115403873654520481367226
C1,30,SHORT,2025-11-13T20:00:00+00:00,2025-11-17T00:00:00+00:00,3.193056357798820773427342767058496
C1,30,SHORT,2025-11-17T20:00:00+00:00,2025-11-18T16:00:00+00:00,-8.455390338279770960931785133424604
C1,30,SHORT,2025-11-21T08:00:00+00:00,2025-11-24T12:00:00+00:00,-2.379886508127580832661010688634758
C1,30,SHORT,2025-12-01T12:00:00+00:00,2025-12-02T16:00:00+00:00,-9.161528789151998898097857093932217
C1,30,SHORT,2025-12-06T04:00:00+00:00,2025-12-09T08:00:00+00:00,-0.2820372871663265863634877571783117
C1,40,SHORT,2022-01-18T20:00:00+00:00,2022-01-21T16:00:00+00:00,10.21982444633839343046458416489616
C1,40,SHORT,2022-02-12T16:00:00+00:00,2022-02-15T20:00:00+00:00,-7.866501713221296213162813241842687
C1,40,SHORT,2022-02-18T04:00:00+00:00,2022-02-21T04:00:00+00:00,-0.4006367763425540228498182823891834
C1,40,SHORT,2022-03-06T20:00:00+00:00,2022-03-10T00:00:00+00:00,-4.148554226603040010982116578868731
C1,40,LONG,2022-03-25T00:00:00+00:00,2022-03-28T04:00:00+00:00,3.49054897907869347953533464890972
C1,40,LONG,2022-03-28T08:00:00+00:00,2022-03-30T16:00:00+00:00,11.80189152765194321779840274162877
C1,40,LONG,2022-03-30T20:00:00+00:00,2022-04-03T00:00:00+00:00,8.351368258417603104274536153388052
C1,40,SHORT,2022-04-25T04:00:00+00:00,2022-04-28T08:00:00+00:00,-2.422430308269443824961804868730181
C1,40,SHORT,2022-04-29T12:00:00+00:00,2022-05-01T00:00:00+00:00,10.74276313118853614826751407130483
C1,40,SHORT,2022-05-01T04:00:00+00:00,2022-05-04T08:00:00+00:00,-0.1672342151414319939871628878338677
C1,40,SHORT,2022-05-06T04:00:00+00:00,2022-05-09T08:00:00+00:00,9.903155102946204220986542625389046
C1,40,SHORT,2022-05-09T12:00:00+00:00,2022-05-10T08:00:00+00:00,3.647118644397531007648024517568976
C1,40,SHORT,2022-05-26T00:00:00+00:00,2022-05-29T04:00:00+00:00,10.86799497413498349769119148701193
C1,40,SHORT,2022-06-03T08:00:00+00:00,2022-06-06T04:00:00+00:00,-4.466171513948245820284012651660725
C1,40,SHORT,2022-07-11T20:00:00+00:00,2022-07-14T04:00:00+00:00,1.229304117742300967471464143559232
C1,40,LONG,2022-07-18T08:00:00+00:00,2022-07-21T00:00:00+00:00,-1.10259644814538825426730454957202
C1,40,LONG,2022-07-28T20:00:00+00:00,2022-08-01T00:00:00+00:00,-0.4528015544708140556543456521408071
C1,40,LONG,2022-08-08T08:00:00+00:00,2022-08-09T16:00:00+00:00,-6.881682825382906141781249042836786
C1,40,LONG,2022-08-11T04:00:00+00:00,2022-08-14T08:00:00+00:00,7.968574050303451208521733955153021
C1,40,LONG,2022-08-14T12:00:00+00:00,2022-08-15T12:00:00+00:00,-7.053280586463515730046085020180673
C1,40,SHORT,2022-08-20T20:00:00+00:00,2022-08-24T00:00:00+00:00,-4.585267069725643592536626790521628
C1,40,SHORT,2022-08-27T00:00:00+00:00,2022-08-30T04:00:00+00:00,-2.825661142170868309042487210506297
C1,40,SHORT,2022-09-16T16:00:00+00:00,2022-09-19T20:00:00+00:00,-2.53655188974978076602476937270689
C1,40,SHORT,2022-10-09T00:00:00+00:00,2022-10-12T04:00:00+00:00,4.16764787776873043397908743292284
C1,40,SHORT,2022-10-12T08:00:00+00:00,2022-10-13T12:00:00+00:00,6.978983893361221942100569225244169
C1,40,SHORT,2022-10-13T16:00:00+00:00,2022-10-14T04:00:00+00:00,-7.638791843609745166455653573873021
C1,40,SHORT,2022-10-15T20:00:00+00:00,2022-10-18T04:00:00+00:00,-5.199842825975633668608666608994527
C1,40,SHORT,2022-10-20T00:00:00+00:00,2022-10-23T04:00:00+00:00,0.7735635399951711442802596589571576
C1,40,LONG,2022-11-04T16:00:00+00:00,2022-11-05T16:00:00+00:00,11.4927599349187518132257398934958
C1,40,LONG,2022-11-05T20:00:00+00:00,2022-11-06T20:00:00+00:00,-8.584813066281056052477772134109591
C1,40,SHORT,2022-12-16T20:00:00+00:00,2022-12-20T00:00:00+00:00,7.322341986717267464589543087498349
C1,40,SHORT,2022-12-24T08:00:00+00:00,2022-12-27T12:00:00+00:00,0.8546674262411305950512845927038107
C1,40,SHORT,2022-12-27T16:00:00+00:00,2022-12-28T08:00:00+00:00,4.969656350300525840822011921300972
C1,40,SHORT,2022-12-28T12:00:00+00:00,2022-12-30T00:00:00+00:00,3.008844648230291048198356078782741
C1,40,LONG,2023-01-09T08:00:00+00:00,2023-01-12T12:00:00+00:00,-2.618717346334633472520064725201105
C1,40,LONG,2023-01-14T00:00:00+00:00,2023-01-14T04:00:00+00:00,18.93067170347407493582269278689103
C1,40,LONG,2023-02-16T00:00:00+00:00,2023-02-17T04:00:00+00:00,-5.907571790140830480187235142950948
C1,40,LONG,2023-02-19T12:00:00+00:00,2023-02-20T08:00:00+00:00,10.88123717836937216898057194838492
C1,40,LONG,2023-02-20T12:00:00+00:00,2023-02-22T04:00:00+00:00,-8.114432145306630867939510509525315
C1,40,SHORT,2023-03-03T08:00:00+00:00,2023-03-06T12:00:00+00:00,0.7974718190324388596203923562043505
C1,40,SHORT,2023-03-07T12:00:00+00:00,2023-03-09T00:00:00+00:00,8.405789384510311464592806239913014
C1,40,SHORT,2023-03-09T04:00:00+00:00,2023-03-11T04:00:00+00:00,1.21393632634657714528636132401289
C1,40,SHORT,2023-03-28T04:00:00+00:00,2023-03-29T08:00:00+00:00,-8.417337404626022050286581862504754
C1,40,LONG,2023-04-12T04:00:00+00:00,2023-04-14T04:00:00+00:00,10.23317592147397832855613506434984
C1,40,LONG,2023-04-14T08:00:00+00:00,2023-04-17T12:00:00+00:00,-0.8767881881843888182491032964530392
C1,40,LONG,2023-04-29T12:00:00+00:00,2023-05-01T04:00:00+00:00,-5.553221325939129942392554979893149
C1,40,SHORT,2023-05-09T00:00:00+00:00,2023-05-12T04:00:00+00:00,2.19752883871702476008098632040721
C1,40,SHORT,2023-05-24T08:00:00+00:00,2023-05-27T12:00:00+00:00,-1.198381060927425128099739341160691
C1,40,LONG,2023-06-05T00:00:00+00:00,2023-06-05T16:00:00+00:00,-9.457699358902422946694826533240979
C1,40,SHORT,2023-06-06T08:00:00+00:00,2023-06-09T12:00:00+00:00,3.246068350593207051286837448575033
C1,40,SHORT,2023-06-09T20:00:00+00:00,2023-06-10T08:00:00+00:00,16.40813073728504526552406375566891
C1,40,LONG,2023-07-08T00:00:00+00:00,2023-07-11T04:00:00+00:00,0.2585948157768279261495514633896344
C1,40,LONG,2023-07-11T16:00:00+00:00,2023-07-13T16:00:00+00:00,7.605322421090543496016156966246221
C1,40,LONG,2023-07-13T20:00:00+00:00,2023-07-14T04:00:00+00:00,8.002680220300660727821610126393292
C1,40,LONG,2023-07-28T16:00:00+00:00,2023-07-31T00:00:00+00:00,-4.730074333349482962791348913188636
C1,40,LONG,2023-08-09T04:00:00+00:00,2023-08-12T08:00:00+00:00,0.0903409278362531739796197565994972
C1,40,LONG,2023-08-13T00:00:00+00:00,2023-08-14T04:00:00+00:00,-2.981234869752849497012277859784863
C1,40,LONG,2023-08-15T00:00:00+00:00,2023-08-15T20:00:00+00:00,-5.332971566754690694193582650144944
C1,40,SHORT,2023-08-18T16:00:00+00:00,2023-08-21T20:00:00+00:00,0.617658155767642466833283276198271
C1,40,SHORT,2023-08-22T16:00:00+00:00,2023-08-23T04:00:00+00:00,-0.3842631847966988006284964225217232
C1,40,SHORT,2023-08-27T00:00:00+00:00,2023-08-29T16:00:00+00:00,-6.071207142681993721109603621656566
C1,40,SHORT,2023-09-01T00:00:00+00:00,2023-09-04T04:00:00+00:00,-0.9529590963819986172837761841978925
C1,40,SHORT,2023-09-10T08:00:00+00:00,2023-09-12T04:00:00+00:00,0.9026965656365287332280740140935778
C1,40,LONG,2023-10-01T08:00:00+00:00,2023-10-01T12:00:00+00:00,6.582898505333222241353689932504603
C1,40,LONG,2023-10-01T16:00:00+00:00,2023-10-02T20:00:00+00:00,2.361197174567305656337446890218146
C1,40,LONG,2023-10-03T16:00:00+00:00,2023-10-06T20:00:00+00:00,-3.31844790782515486303276218604726
C1,40,LONG,2023-10-16T08:00:00+00:00,2023-10-16T16:00:00+00:00,0.657812421867088515759764620461536
C1,40,LONG,2023-10-16T20:00:00+00:00,2023-10-20T00:00:00+00:00,3.628908391548571854849579703031606
C1,40,LONG,2023-10-20T04:00:00+00:00,2023-10-21T08:00:00+00:00,8.386180975400101233458631172783254
C1,40,LONG,2023-10-21T12:00:00+00:00,2023-10-24T16:00:00+00:00,3.930997815933473189618466951316681
C1,40,LONG,2023-10-30T12:00:00+00:00,2023-11-01T12:00:00+00:00,11.35900684581798372517451765317881
C1,40,LONG,2023-11-01T16:00:00+00:00,2023-11-02T16:00:00+00:00,-2.245131641997322942408386557209301
C1,40,LONG,2023-11-08T04:00:00+00:00,2023-11-09T20:00:00+00:00,1.481242930019618134591558027334398
C1,40,LONG,2023-11-29T20:00:00+00:00,2023-12-03T00:00:00+00:00,5.114641646627941110246890407520781
C1,40,LONG,2023-12-03T04:00:00+00:00,2023-12-04T12:00:00+00:00,-3.942282094203001383815556025346974
C1,40,LONG,2023-12-06T20:00:00+00:00,2023-12-09T00:00:00+00:00,15.27720052537122205169650406880429
C1,40,LONG,2023-12-09T04:00:00+00:00,2023-12-11T04:00:00+00:00,-5.306638765236905208577779021338641
C1,40,LONG,2023-12-21T08:00:00+00:00,2023-12-23T20:00:00+00:00,17.52941318482731212898636926561045
C1,40,SHORT,2024-01-23T00:00:00+00:00,2024-01-26T04:00:00+00:00,-5.76016198485468286430726902986477
C1,40,LONG,2024-01-30T08:00:00+00:00,2024-02-01T00:00:00+00:00,-6.509374757689482588179272185191696
C1,40,LONG,2024-02-08T16:00:00+00:00,2024-02-11T20:00:00+00:00,2.571806023820738673054460204117587
C1,40,LONG,2024-02-13T04:00:00+00:00,2024-02-16T08:00:00+00:00,-2.160041449907783445611166011990435
C1,40,LONG,2024-02-27T04:00:00+00:00,2024-02-29T00:00:00+00:00,7.551141497775059245040738743521149
C1,40,LONG,2024-02-29T12:00:00+00:00,2024-03-03T16:00:00+00:00,-0.7660757557789878117042662015899539
C1,40,LONG,2024-03-14T12:00:00+00:00,2024-03-14T20:00:00+00:00,-7.030615614782297859948069680439361
C1,40,LONG,2024-03-15T00:00:00+00:00,2024-03-18T04:00:00+00:00,14.19987448063042528428009115017372
C1,40,LONG,2024-03-25T08:00:00+00:00,2024-03-28T12:00:00+00:00,-0.9929872845517857265981081492392342
C1,40,LONG,2024-03-30T20:00:00+00:00,2024-04-02T04:00:00+00:00,-6.98410223879674192630418973498178
C1,40,SHORT,2024-04-26T00:00:00+00:00,2024-04-29T04:00:00+00:00,5.984245085069674071667983419092413
C1,40,SHORT,2024-04-29T08:00:00+00:00,2024-05-01T20:00:00+00:00,2.997192584258427735333498759262711
C1,40,LONG,2024-05-17T04:00:00+00:00,2024-05-20T08:00:00+00:00,8.737778895445007101745169268314043
C1,40,LONG,2024-05-20T12:00:00+00:00,2024-05-21T16:00:00+00:00,-1.35645613698187409755167356649905
C1,40,LONG,2024-06-05T12:00:00+00:00,2024-06-07T20:00:00+00:00,-7.179538140735367746284119734767214
C1,40,SHORT,2024-06-11T20:00:00+00:00,2024-06-12T16:00:00+00:00,-7.276258737327366554617777019122988
C1,40,SHORT,2024-06-14T20:00:00+00:00,2024-06-17T04:00:00+00:00,-4.769368577226955847305271000210435
C1,40,SHORT,2024-06-18T04:00:00+00:00,2024-06-21T08:00:00+00:00,2.197725985190096331753074894455614
C1,40,SHORT,2024-06-24T04:00:00+00:00,2024-06-25T04:00:00+00:00,-8.433660854974599732964663648532899
C1,40,SHORT,2024-07-04T08:00:00+00:00,2024-07-05T16:00:00+00:00,-1.21367023945393462718840890952032
C1,40,LONG,2024-07-16T08:00:00+00:00,2024-07-17T20:00:00+00:00,0.6364342996065501486107710317464736
C1,40,LONG,2024-07-19T16:00:00+00:00,2024-07-22T20:00:00+00:00,7.450021864529398766416762072501938
C1,40,LONG,2024-07-26T16:00:00+00:00,2024-07-29T20:00:00+00:00,2.108111535321868910204995312829015
C1,40,SHORT,2024-08-28T20:00:00+00:00,2024-09-01T00:00:00+00:00,5.27645879010381219998297943885186
C1,40,SHORT,2024-09-01T04:00:00+00:00,2024-09-04T08:00:00+00:00,2.013432640476702967787267775422498
C1,40,SHORT,2024-09-16T20:00:00+00:00,2024-09-19T04:00:00+00:00,-6.211583687737457660369650175097851
C1,40,LONG,2024-09-27T04:00:00+00:00,2024-09-30T08:00:00+00:00,-0.1439525632330669571511023821341285
C1,40,LONG,2024-10-14T12:00:00+00:00,2024-10-15T20:00:00+00:00,0.394824823313689608338900506819722
C1,40,LONG,2024-10-16T00:00:00+00:00,2024-10-19T04:00:00+00:00,-0.9735397349724436848507095101988937
C1,40,LONG,2024-10-19T16:00:00+00:00,2024-10-21T04:00:00+00:00,7.444307005812887067243397554118546
C1,40,LONG,2024-10-21T08:00:00+00:00,2024-10-21T16:00:00+00:00,-2.869213892090848930254090616567549
C1,40,LONG,2024-10-23T20:00:00+00:00,2024-10-26T00:00:00+00:00,-5.559265325189419027607644819488477
C1,40,LONG,2024-11-06T08:00:00+00:00,2024-11-09T12:00:00+00:00,8.997502827848072594320740830606381
C1,40,LONG,2024-11-10T08:00:00+00:00,2024-11-12T16:00:00+00:00,1.761317653265651164159809654717461
C1,40,LONG,2024-11-17T16:00:00+00:00,2024-11-20T20:00:00+00:00,-1.441982611332597058212766442239402
C1,40,LONG,2024-11-21T20:00:00+00:00,2024-11-25T00:00:00+00:00,-1.363168041530675590632472057878745
C1,40,SHORT,2024-12-18T20:00:00+00:00,2024-12-20T12:00:00+00:00,15.98079089544535974207773921601469
C1,40,SHORT,2024-12-23T00:00:00+00:00,2024-12-24T16:00:00+00:00,-10.48950342250053146794156437218543
C1,40,SHORT,2025-01-08T12:00:00+00:00,2025-01-11T16:00:00+00:00,3.472243541368249657355640724934004
C1,40,SHORT,2025-01-13T12:00:00+00:00,2025-01-14T08:00:00+00:00,-6.736307862707426125498798198784555
C1,40,LONG,2025-01-18T16:00:00+00:00,2025-01-20T00:00:00+00:00,-2.847017753976893629371132365783242
C1,40,SHORT,2025-02-06T16:00:00+00:00,2025-02-09T20:00:00+00:00,-4.992691053098446409051622980595827
C1,40,SHORT,2025-02-17T12:00:00+00:00,2025-02-18T12:00:00+00:00,7.575261263234151525383175674229923
C1,40,SHORT,2025-02-18T16:00:00+00:00,2025-02-21T12:00:00+00:00,-7.696449418350323227372462206362256
C1,40,SHORT,2025-02-24T08:00:00+00:00,2025-02-25T00:00:00+00:00,11.08733123371834202838779070972746
C1,40,SHORT,2025-03-10T08:00:00+00:00,2025-03-11T20:00:00+00:00,-0.92007354693068552130279155838844
C1,40,SHORT,2025-03-18T12:00:00+00:00,2025-03-19T16:00:00+00:00,-8.04074265734838572743178709478483
C1,40,SHORT,2025-03-28T20:00:00+00:00,2025-04-01T00:00:00+00:00,2.880437877894909849778922118159526
C1,40,SHORT,2025-04-03T08:00:00+00:00,2025-04-06T12:00:00+00:00,-0.8928230723001267899317733746711452
C1,40,SHORT,2025-04-06T20:00:00+00:00,2025-04-07T16:00:00+00:00,0.4019716050749618074796909701726734
C1,40,LONG,2025-04-19T12:00:00+00:00,2025-04-22T16:00:00+00:00,3.809358652060641536995437133162703
C1,40,LONG,2025-04-22T20:00:00+00:00,2025-04-26T00:00:00+00:00,3.586001367173952134107139262943697
C1,40,LONG,2025-05-08T20:00:00+00:00,2025-05-11T00:00:00+00:00,9.876508381362354271218463060929357
C1,40,LONG,2025-05-11T04:00:00+00:00,2025-05-14T08:00:00+00:00,2.3910069192662178308860754313036
C1,40,LONG,2025-05-22T20:00:00+00:00,2025-05-26T00:00:00+00:00,-2.096712234500367096235884757587457
C1,40,SHORT,2025-06-05T20:00:00+00:00,2025-06-09T00:00:00+00:00,-5.222421524175411365342769536046933
C1,40,SHORT,2025-06-13T04:00:00+00:00,2025-06-16T04:00:00+00:00,-8.417995324445332628505893636077561
C1,40,SHORT,2025-06-18T20:00:00+00:00,2025-06-22T00:00:00+00:00,5.591563012980866690681964994775215
C1,40,SHORT,2025-06-22T04:00:00+00:00,2025-06-23T16:00:00+00:00,0.3816729635521675423189052526100155
C1,40,LONG,2025-07-10T00:00:00+00:00,2025-07-13T04:00:00+00:00,1.735899991843946516540768775578059
C1,40,LONG,2025-07-14T08:00:00+00:00,2025-07-15T04:00:00+00:00,-5.703209075024762877779595636286813
C1,40,LONG,2025-07-16T16:00:00+00:00,2025-07-19T20:00:00+00:00,4.211339203053623692010860028029583
C1,40,LONG,2025-07-20T20:00:00+00:00,2025-07-22T04:00:00+00:00,9.063618575412227937471141325358425
C1,40,LONG,2025-07-22T08:00:00+00:00,2025-07-24T00:00:00+00:00,-5.286366744467499812187058814539846
C1,40,LONG,2025-08-08T12:00:00+00:00,2025-08-11T16:00:00+00:00,0.542899482082900426951346494531732
C1,40,LONG,2025-08-12T20:00:00+00:00,2025-08-14T16:00:00+00:00,1.320190444922451862941911101879135
C1,40,LONG,2025-08-23T12:00:00+00:00,2025-08-26T00:00:00+00:00,-8.289445291900296029884658885712946
C1,40,LONG,2025-08-27T12:00:00+00:00,2025-08-30T16:00:00+00:00,-2.80532634367948074917275800233045
C1,40,LONG,2025-09-09T04:00:00+00:00,2025-09-12T04:00:00+00:00,8.560825906673023387252015323943618
C1,40,LONG,2025-09-12T08:00:00+00:00,2025-09-15T08:00:00+00:00,-0.6256638378811260392928870157235138
C1,40,LONG,2025-09-18T04:00:00+00:00,2025-09-21T08:00:00+00:00,-3.656850423024387778942455718408835
C1,40,LONG,2025-10-03T08:00:00+00:00,2025-10-06T12:00:00+00:00,0.6534560756515835102661922129796618
C1,40,LONG,2025-10-06T20:00:00+00:00,2025-10-07T16:00:00+00:00,-5.774298581575079028521756314185428
C1,40,SHORT,2025-10-16T16:00:00+00:00,2025-10-19T20:00:00+00:00,-1.565970025384337187932719516290168
C1,40,SHORT,2025-10-31T00:00:00+00:00,2025-11-03T04:00:00+00:00,2.969390942627265007398062939680202
C1,40,SHORT,2025-11-03T08:00:00+00:00,2025-11-04T20:00:00+00:00,11.57733308763223221854843680090988
C1,40,SHORT,2025-11-05T00:00:00+00:00,2025-11-08T04:00:00+00:00,-5.757098550307731696402179095640029
C1,40,SHORT,2025-11-13T20:00:00+00:00,2025-11-17T00:00:00+00:00,2.996838069022947214876422869518176
C1,40,SHORT,2025-11-17T20:00:00+00:00,2025-11-18T16:00:00+00:00,-8.663222232934087781431218618103991
C1,40,SHORT,2025-11-21T08:00:00+00:00,2025-11-24T12:00:00+00:00,-2.58166107094724940776834968234227
C1,40,SHORT,2025-12-01T12:00:00+00:00,2025-12-02T16:00:00+00:00,-9.370064710178072675663258746069737
C1,40,SHORT,2025-12-06T04:00:00+00:00,2025-12-09T08:00:00+00:00,-0.4817202754885263137676387918315303
C2,10,SHORT,2022-01-19T12:00:00+00:00,2022-01-21T16:00:00+00:00,10.25261178910788013247879066560123
C2,10,SHORT,2022-02-12T16:00:00+00:00,2022-02-15T20:00:00+00:00,-7.245386668261471622884438301877022
C2,10,SHORT,2022-02-18T12:00:00+00:00,2022-02-21T00:00:00+00:00,3.086579980398910672520030898504145
C2,10,SHORT,2022-03-06T20:00:00+00:00,2022-03-10T00:00:00+00:00,-3.538548586483708218120616230525498
C2,10,LONG,2022-03-25T00:00:00+00:00,2022-03-28T04:00:00+00:00,4.103472319377123279172489271346196
C2,10,LONG,2022-03-28T08:00:00+00:00,2022-03-30T16:00:00+00:00,12.43984903225330449255080756916379
C2,10,LONG,2022-03-30T20:00:00+00:00,2022-04-03T00:00:00+00:00,8.978932620641752511215122105657293
C2,10,SHORT,2022-05-01T00:00:00+00:00,2022-05-01T20:00:00+00:00,-4.340965611810859646234180915207377
C2,10,SHORT,2022-05-02T12:00:00+00:00,2022-05-05T04:00:00+00:00,-9.041084051607590904264055004187063
C2,10,SHORT,2022-05-06T12:00:00+00:00,2022-05-09T16:00:00+00:00,13.72195490449391542193747360253896
C2,10,SHORT,2022-05-26T00:00:00+00:00,2022-05-29T04:00:00+00:00,11.43313044731983912469012218973998
C2,10,SHORT,2022-06-03T08:00:00+00:00,2022-06-06T04:00:00+00:00,-3.855216818189436320821012613856958
C2,10,SHORT,2022-07-11T20:00:00+00:00,2022-07-14T04:00:00+00:00,1.823240460019963414779816342333457
C2,10,LONG,2022-07-18T08:00:00+00:00,2022-07-21T00:00:00+00:00,-0.5035078832301635200934108885767547
C2,10,LONG,2022-07-28T20:00:00+00:00,2022-08-01T00:00:00+00:00,0.1482442239795750586358521019190096
C2,10,LONG,2022-08-08T08:00:00+00:00,2022-08-09T16:00:00+00:00,-6.300001147146107666304686539953765
C2,10,LONG,2022-08-11T04:00:00+00:00,2022-08-14T08:00:00+00:00,8.594985417924847145896799418873362
C2,10,LONG,2022-08-14T12:00:00+00:00,2022-08-15T12:00:00+00:00,-6.472115768952863668992006963012543
C2,10,SHORT,2022-08-20T20:00:00+00:00,2022-08-24T00:00:00+00:00,-3.973956510752359796941397826008118
C2,10,SHORT,2022-08-27T00:00:00+00:00,2022-08-30T04:00:00+00:00,-2.219608369833704359911882169040641
C2,10,SHORT,2022-10-13T08:00:00+00:00,2022-10-13T16:00:00+00:00,-0.1208727614206386168466837485026857
C2,10,SHORT,2022-10-20T20:00:00+00:00,2022-10-24T00:00:00+00:00,-3.871491630157137707934553214522202
C2,10,LONG,2022-11-04T16:00:00+00:00,2022-11-05T16:00:00+00:00,12.12978632026489263194027525462079
C2,10,LONG,2022-11-05T20:00:00+00:00,2022-11-06T20:00:00+00:00,-8.008261298408408630949090724874982
C2,10,SHORT,2022-12-17T00:00:00+00:00,2022-12-20T04:00:00+00:00,0.1794487809942707202657932739954883
C2,10,SHORT,2022-12-28T08:00:00+00:00,2022-12-30T00:00:00+00:00,4.804789305106802477526526793063996
C2,10,LONG,2023-01-09T08:00:00+00:00,2023-01-12T12:00:00+00:00,-2.024195410630822127557775763530024
C2,10,LONG,2023-01-14T00:00:00+00:00,2023-01-14T04:00:00+00:00,19.59010143752068359526794186155034
C2,10,LONG,2023-02-16T00:00:00+00:00,2023-02-17T04:00:00+00:00,-5.32295604252077274066972681506827
C2,10,LONG,2023-02-19T12:00:00+00:00,2023-02-20T08:00:00+00:00,11.51642162770181003695942909280776
C2,10,LONG,2023-02-20T12:00:00+00:00,2023-02-22T04:00:00+00:00,-7.536463567431048430794749999011837
C2,10,SHORT,2023-03-08T08:00:00+00:00,2023-03-10T00:00:00+00:00,9.482851642601710329271420133993129
C2,10,SHORT,2023-03-10T04:00:00+00:00,2023-03-11T04:00:00+00:00,-6.445331978576104753867554655358238
C2,10,LONG,2023-04-12T04:00:00+00:00,2023-04-14T04:00:00+00:00,10.86640837906877946809997884466415
C2,10,LONG,2023-04-14T08:00:00+00:00,2023-04-17T12:00:00+00:00,-0.2770194779078357725209379449363316
C2,10,LONG,2023-04-29T12:00:00+00:00,2023-05-01T04:00:00+00:00,-4.967538257643765875953978338266321
C2,10,SHORT,2023-05-09T00:00:00+00:00,2023-05-12T04:00:00+00:00,2.788572079238786638287915644151013
C2,10,LONG,2023-06-05T00:00:00+00:00,2023-06-05T16:00:00+00:00,-8.883776766609960365208967577015801
C2,10,SHORT,2023-06-07T12:00:00+00:00,2023-06-09T20:00:00+00:00,12.51368348168911212102682717682229
C2,10,SHORT,2023-06-10T00:00:00+00:00,2023-06-10T08:00:00+00:00,16.9600491257445901541905769879606
C2,10,LONG,2023-07-08T00:00:00+00:00,2023-07-11T04:00:00+00:00,0.8617833543785653596620501123757476
C2,10,LONG,2023-07-11T16:00:00+00:00,2023-07-13T16:00:00+00:00,8.230639657298647542690904426987927
C2,10,LONG,2023-07-13T20:00:00+00:00,2023-07-14T04:00:00+00:00,8.629194317349759103507819795448693
C2,10,LONG,2023-07-28T16:00:00+00:00,2023-07-31T00:00:00+00:00,-4.141911906642704297016624060517517
C2,10,LONG,2023-08-09T04:00:00+00:00,2023-08-12T08:00:00+00:00,0.6930226776188924907687149968302185
C2,10,LONG,2023-08-13T00:00:00+00:00,2023-08-14T04:00:00+00:00,-2.387804854300297838870748576229998
C2,10,LONG,2023-08-15T00:00:00+00:00,2023-08-15T20:00:00+00:00,-4.746625095570216870983322356922489
C2,10,SHORT,2023-08-18T16:00:00+00:00,2023-08-21T20:00:00+00:00,1.213422125421723216434379043301264
C2,10,SHORT,2023-08-22T20:00:00+00:00,2023-08-23T20:00:00+00:00,-7.498762827590669477185892434804155
C2,10,SHORT,2023-09-01T16:00:00+00:00,2023-09-04T20:00:00+00:00,-0.457807201983720328786230149819164
C2,10,SHORT,2023-09-11T00:00:00+00:00,2023-09-14T04:00:00+00:00,-4.154573321339386426957143776221303
C2,10,LONG,2023-10-01T08:00:00+00:00,2023-10-01T12:00:00+00:00,7.205136151433623513164996227482027
C2,10,LONG,2023-10-01T16:00:00+00:00,2023-10-02T20:00:00+00:00,2.970718852803954167350511489285069
C2,10,LONG,2023-10-03T16:00:00+00:00,2023-10-06T20:00:00+00:00,-2.726033594294507739126234361306439
C2,10,LONG,2023-10-16T08:00:00+00:00,2023-10-16T16:00:00+00:00,1.262203423137772517313257887390637
C2,10,LONG,2023-10-16T20:00:00+00:00,2023-10-20T00:00:00+00:00,4.242248477065284420677439882860014
C2,10,LONG,2023-10-20T04:00:00+00:00,2023-10-21T08:00:00+00:00,9.013850195205523225125675242580793
C2,10,LONG,2023-10-21T12:00:00+00:00,2023-10-24T16:00:00+00:00,4.545247809354959554647438237314623
C2,10,LONG,2023-10-30T12:00:00+00:00,2023-11-01T12:00:00+00:00,11.99563036041382102555154933285706
C2,10,LONG,2023-11-01T16:00:00+00:00,2023-11-02T16:00:00+00:00,-1.649484448147917288620460010694872
C2,10,LONG,2023-11-08T04:00:00+00:00,2023-11-09T20:00:00+00:00,2.088114143664255538611412117778176
C2,10,LONG,2023-11-29T20:00:00+00:00,2023-12-03T00:00:00+00:00,5.73245683231055539069944128224223
C2,10,LONG,2023-12-03T04:00:00+00:00,2023-12-04T12:00:00+00:00,-3.351746799306022472321024567591995
C2,10,LONG,2023-12-06T20:00:00+00:00,2023-12-09T00:00:00+00:00,15.92562582815848476871968630997539
C2,10,LONG,2023-12-09T04:00:00+00:00,2023-12-11T04:00:00+00:00,-4.720212978385209139928916909957131
C2,10,LONG,2023-12-21T08:00:00+00:00,2023-12-23T20:00:00+00:00,18.18462226068522571973632820918157
C2,10,SHORT,2024-01-23T00:00:00+00:00,2024-01-26T04:00:00+00:00,-5.145340783704718672481649700094257
C2,10,LONG,2024-01-30T08:00:00+00:00,2024-02-01T00:00:00+00:00,-5.926571669610234041758125414665165
C2,10,LONG,2024-02-08T16:00:00+00:00,2024-02-11T20:00:00+00:00,3.181962066061162584720286891479387
C2,10,LONG,2024-02-13T04:00:00+00:00,2024-02-16T08:00:00+00:00,-1.564137960299071949965416512026551
C2,10,LONG,2024-02-27T04:00:00+00:00,2024-02-29T00:00:00+00:00,8.176295538431008218670379522869105
C2,10,LONG,2024-02-29T12:00:00+00:00,2024-03-03T16:00:00+00:00,-0.165973574320490787040724834727273
C2,10,LONG,2024-03-14T12:00:00+00:00,2024-03-14T20:00:00+00:00,-6.449382529284654178803334950561166
C2,10,LONG,2024-03-15T00:00:00+00:00,2024-03-18T04:00:00+00:00,14.84505482545160126405201913556581
C2,10,LONG,2024-03-25T08:00:00+00:00,2024-03-28T12:00:00+00:00,-0.3935685715534477317987048605321235
C2,10,LONG,2024-03-30T20:00:00+00:00,2024-04-02T04:00:00+00:00,-6.402729052769021269455708378761846
C2,10,SHORT,2024-04-26T16:00:00+00:00,2024-04-29T20:00:00+00:00,5.149425135989814969677327077770567
C2,10,SHORT,2024-04-30T20:00:00+00:00,2024-05-01T20:00:00+00:00,-5.75912403423410002281211368070705
C2,10,LONG,2024-05-17T04:00:00+00:00,2024-05-20T08:00:00+00:00,9.366507145130082424340787248037881
C2,10,LONG,2024-05-20T12:00:00+00:00,2024-05-21T16:00:00+00:00,-0.7581322096836267303756243904945287
C2,10,LONG,2024-06-05T12:00:00+00:00,2024-06-07T20:00:00+00:00,-6.598753617062883914194614071317717
C2,10,SHORT,2024-06-20T00:00:00+00:00,2024-06-23T04:00:00+00:00,0.4245745913021057490494977559757937
C2,10,SHORT,2024-07-04T08:00:00+00:00,2024-07-05T16:00:00+00:00,-0.6124341730013830296968100781173706
C2,10,LONG,2024-07-16T08:00:00+00:00,2024-07-17T20:00:00+00:00,1.240760908942714456287309498709565
C2,10,LONG,2024-07-19T16:00:00+00:00,2024-07-22T20:00:00+00:00,8.074871327976776473544523404045619
C2,10,LONG,2024-07-26T16:00:00+00:00,2024-07-29T20:00:00+00:00,2.71687090741621188885019108184356
C2,10,SHORT,2024-08-28T20:00:00+00:00,2024-09-01T00:00:00+00:00,5.858302040730992044006934679572423
C2,10,SHORT,2024-09-01T08:00:00+00:00,2024-09-04T12:00:00+00:00,3.045544370237487708383790761775207
C2,10,LONG,2024-09-27T04:00:00+00:00,2024-09-30T08:00:00+00:00,0.4580234832632189857490448998473953
C2,10,LONG,2024-10-14T12:00:00+00:00,2024-10-15T20:00:00+00:00,0.998423693263429637279680327623396
C2,10,LONG,2024-10-16T00:00:00+00:00,2024-10-19T04:00:00+00:00,-0.3740624450175414067930309243862398
C2,10,LONG,2024-10-19T16:00:00+00:00,2024-10-21T04:00:00+00:00,8.069139255830395763229070438317699
C2,10,LONG,2024-10-21T08:00:00+00:00,2024-10-21T16:00:00+00:00,-2.275446464054977993297024624448777
C2,10,LONG,2024-10-23T20:00:00+00:00,2024-10-26T00:00:00+00:00,-4.973600461711073904196824472559225
C2,10,LONG,2024-11-06T08:00:00+00:00,2024-11-09T12:00:00+00:00,9.627013378534361969604839447566038
C2,10,LONG,2024-11-10T08:00:00+00:00,2024-11-12T16:00:00+00:00,2.369032465474282643569929563316008
C2,10,LONG,2024-11-17T16:00:00+00:00,2024-11-20T20:00:00+00:00,-0.8439162938968518686290699556196416
C2,10,LONG,2024-11-21T20:00:00+00:00,2024-11-25T00:00:00+00:00,-0.7648643308123944930138951664868138
C2,10,SHORT,2024-12-19T20:00:00+00:00,2024-12-23T00:00:00+00:00,5.516080861939511477862852945975673
C2,10,SHORT,2025-01-08T12:00:00+00:00,2025-01-11T16:00:00+00:00,4.059477873415954090650394786512886
C2,10,SHORT,2025-01-13T12:00:00+00:00,2025-01-14T08:00:00+00:00,-6.118569891006109115163642427274243
C2,10,LONG,2025-01-18T16:00:00+00:00,2025-01-20T00:00:00+00:00,-2.253183470103330055965623728330782
C2,10,SHORT,2025-02-06T20:00:00+00:00,2025-02-10T00:00:00+00:00,-5.87891136859442484867682842781017
C2,10,SHORT,2025-02-17T16:00:00+00:00,2025-02-20T20:00:00+00:00,2.685332362127009450671281586739316
C2,10,SHORT,2025-02-24T08:00:00+00:00,2025-02-25T00:00:00+00:00,11.65181131967336690280495866577409
C2,10,SHORT,2025-03-10T08:00:00+00:00,2025-03-11T20:00:00+00:00,-0.3197147614318886522152334162817016
C2,10,SHORT,2025-03-18T16:00:00+00:00,2025-03-19T16:00:00+00:00,-8.282951532911645422286636195357975
C2,10,SHORT,2025-03-28T20:00:00+00:00,2025-04-01T00:00:00+00:00,3.469440553558570477717829721392117
C2,10,SHORT,2025-04-03T16:00:00+00:00,2025-04-06T20:00:00+00:00,5.028729578026756371051307700862649
C2,10,SHORT,2025-04-07T00:00:00+00:00,2025-04-07T16:00:00+00:00,-1.034702538413764480441516883292856
C2,10,LONG,2025-04-19T12:00:00+00:00,2025-04-22T16:00:00+00:00,4.423242262458414553673134232961386
C2,10,LONG,2025-04-22T20:00:00+00:00,2025-04-26T00:00:00+00:00,4.199212214665439941739992092048949
C2,10,LONG,2025-05-08T20:00:00+00:00,2025-05-11T00:00:00+00:00,10.50866653913754208528839819063095
C2,10,LONG,2025-05-11T04:00:00+00:00,2025-05-14T08:00:00+00:00,3.000618385890513667726093730795478
C2,10,LONG,2025-05-22T20:00:00+00:00,2025-05-26T00:00:00+00:00,-1.500617994242838081465510916495853
C2,10,SHORT,2025-06-13T04:00:00+00:00,2025-06-16T04:00:00+00:00,-7.795232390208942192364939770631114
C2,10,SHORT,2025-06-19T16:00:00+00:00,2025-06-22T16:00:00+00:00,9.910634319927723653825570841279065
C2,10,SHORT,2025-06-22T20:00:00+00:00,2025-06-23T20:00:00+00:00,-8.614947941596697629390234685688168
C2,10,LONG,2025-07-10T00:00:00+00:00,2025-07-13T04:00:00+00:00,2.343538244831428283156855428516548
C2,10,LONG,2025-07-14T08:00:00+00:00,2025-07-15T04:00:00+00:00,-5.117977777057969994881341406275629
C2,10,LONG,2025-07-16T16:00:00+00:00,2025-07-19T20:00:00+00:00,4.826433598243544245300049365463407
C2,10,LONG,2025-07-20T20:00:00+00:00,2025-07-22T04:00:00+00:00,9.693328269916481636077982112482999
C2,10,LONG,2025-07-22T08:00:00+00:00,2025-07-24T00:00:00+00:00,-4.699879897312281438127381280848701
C2,10,LONG,2025-08-08T12:00:00+00:00,2025-08-11T16:00:00+00:00,1.146944360040981452333730068310442
C2,10,LONG,2025-08-12T20:00:00+00:00,2025-08-14T16:00:00+00:00,1.92657656072041105530016987025829
C2,10,LONG,2025-08-23T12:00:00+00:00,2025-08-26T00:00:00+00:00,-7.712003862056622222745757255850635
C2,10,LONG,2025-08-27T12:00:00+00:00,2025-08-30T16:00:00+00:00,-2.211366483268876775525687996313373
C2,10,LONG,2025-09-09T04:00:00+00:00,2025-09-12T04:00:00+00:00,9.189021165428062614322051514678388
C2,10,LONG,2025-09-12T08:00:00+00:00,2025-09-15T08:00:00+00:00,-0.0251387289590812382064198079395485
C2,10,LONG,2025-09-18T04:00:00+00:00,2025-09-21T08:00:00+00:00,-3.065455394178075693939270344066693
C2,10,LONG,2025-10-03T08:00:00+00:00,2025-10-06T12:00:00+00:00,1.257833955397522014815186767838034
C2,10,LONG,2025-10-06T20:00:00+00:00,2025-10-07T16:00:00+00:00,-5.189281408628016013547424254890806
C2,10,SHORT,2025-10-17T00:00:00+00:00,2025-10-20T04:00:00+00:00,-3.689659903087469528556643644690701
C2,10,SHORT,2025-10-31T04:00:00+00:00,2025-11-03T08:00:00+00:00,4.341472931604886455590818730522891
C2,10,SHORT,2025-11-03T16:00:00+00:00,2025-11-06T20:00:00+00:00,5.645459972248754033086757127356354
C2,10,SHORT,2025-11-13T20:00:00+00:00,2025-11-17T00:00:00+00:00,3.585492935350567890529182562139138
C2,10,SHORT,2025-11-17T20:00:00+00:00,2025-11-18T16:00:00+00:00,-8.039726548971137319932918164065831
C2,10,SHORT,2025-11-22T12:00:00+00:00,2025-11-25T00:00:00+00:00,-9.598678419428010126437125700122308
C2,10,SHORT,2025-12-01T12:00:00+00:00,2025-12-02T16:00:00+00:00,-8.744456947099851342967053789657178
C2,10,SHORT,2025-12-07T00:00:00+00:00,2025-12-08T12:00:00+00:00,-4.963743070630337793331054667605296
C2,20,SHORT,2022-01-19T12:00:00+00:00,2022-01-21T16:00:00+00:00,10.06305395872736852421952871821422
C2,20,SHORT,2022-02-12T16:00:00+00:00,2022-02-15T20:00:00+00:00,-7.452425016581413152977229948532244
C2,20,SHORT,2022-02-18T12:00:00+00:00,2022-02-21T00:00:00+00:00,2.889863277082625867997073886414738
C2,20,SHORT,2022-03-06T20:00:00+00:00,2022-03-10T00:00:00+00:00,-3.741883799856818815741116346639909
C2,20,LONG,2022-03-25T00:00:00+00:00,2022-03-28T04:00:00+00:00,3.899164539277646679293437730534037
C2,20,LONG,2022-03-28T08:00:00+00:00,2022-03-30T16:00:00+00:00,12.22719653071951740096667262665212
C2,20,LONG,2022-03-30T20:00:00+00:00,2022-04-03T00:00:00+00:00,8.769744499900369375568260121567546
C2,20,SHORT,2022-05-01T00:00:00+00:00,2022-05-01T20:00:00+00:00,-4.545102440593887478048600676361431
C2,20,SHORT,2022-05-02T12:00:00+00:00,2022-05-05T04:00:00+00:00,-9.249916303407398687385197916279158
C2,20,SHORT,2022-05-06T12:00:00+00:00,2022-05-09T16:00:00+00:00,13.53586295135155170108026828146257
C2,20,SHORT,2022-05-26T00:00:00+00:00,2022-05-29T04:00:00+00:00,11.24475195625822058235714528883063
C2,20,SHORT,2022-06-03T08:00:00+00:00,2022-06-06T04:00:00+00:00,-4.058868383442372820642012626458213
C2,20,SHORT,2022-07-11T20:00:00+00:00,2022-07-14T04:00:00+00:00,1.625261679260742599010365609408715
C2,20,LONG,2022-07-18T08:00:00+00:00,2022-07-21T00:00:00+00:00,-0.7032040715352384314847087755751764
C2,20,LONG,2022-07-28T20:00:00+00:00,2022-08-01T00:00:00+00:00,-0.0521043688372213127942138161009293
C2,20,LONG,2022-08-08T08:00:00+00:00,2022-08-09T16:00:00+00:00,-6.493895039891707158130207374248105
C2,20,LONG,2022-08-11T04:00:00+00:00,2022-08-14T08:00:00+00:00,8.386181628717715166771777597633248
C2,20,LONG,2022-08-14T12:00:00+00:00,2022-08-15T12:00:00+00:00,-6.66583737478974768934336631540192
C2,20,SHORT,2022-08-20T20:00:00+00:00,2022-08-24T00:00:00+00:00,-4.177726697076787728806474147512621
C2,20,SHORT,2022-08-27T00:00:00+00:00,2022-08-30T04:00:00+00:00,-2.421625960612759009622083849529193
C2,20,SHORT,2022-10-13T08:00:00+00:00,2022-10-13T16:00:00+00:00,-0.3207937132302496444359411748248662
C2,20,SHORT,2022-10-20T20:00:00+00:00,2022-10-24T00:00:00+00:00,-4.07515945396348849485556675419705
C2,20,LONG,2022-11-04T16:00:00+00:00,2022-11-05T16:00:00+00:00,11.91744419181617902570209680091246
C2,20,LONG,2022-11-05T20:00:00+00:00,2022-11-06T20:00:00+00:00,-8.200445221032624438125317861286518
C2,20,SHORT,2022-12-17T00:00:00+00:00,2022-12-20T04:00:00+00:00,-0.0201721492944462920016734659905302
C2,20,SHORT,2022-12-28T08:00:00+00:00,2022-12-30T00:00:00+00:00,4.609789094622393688792787059590533
C2,20,LONG,2023-01-09T08:00:00+00:00,2023-01-12T12:00:00+00:00,-2.222369389198759242545205417420385
C2,20,LONG,2023-01-14T00:00:00+00:00,2023-01-14T04:00:00+00:00,19.37029152617181404211952550333057
C2,20,LONG,2023-02-16T00:00:00+00:00,2023-02-17T04:00:00+00:00,-5.51782795839412532050889625769583
C2,20,LONG,2023-02-19T12:00:00+00:00,2023-02-20T08:00:00+00:00,11.30469347792433074763314337800015
C2,20,LONG,2023-02-20T12:00:00+00:00,2023-02-22T04:00:00+00:00,-7.729119760056242576509670169182997
C2,20,SHORT,2023-03-08T08:00:00+00:00,2023-03-10T00:00:00+00:00,9.292524821065847902027935039221894
C2,20,SHORT,2023-03-10T04:00:00+00:00,2023-03-11T04:00:00+00:00,-6.651571071461795168207082681986968
C2,20,LONG,2023-04-12T04:00:00+00:00,2023-04-14T04:00:00+00:00,10.65533089320384575491869758455938
C2,20,LONG,2023-04-14T08:00:00+00:00,2023-04-17T12:00:00+00:00,-0.4769423813333534544303263954419008
C2,20,LONG,2023-04-29T12:00:00+00:00,2023-05-01T04:00:00+00:00,-5.162765947075553898100170552141931
C2,20,SHORT,2023-05-09T00:00:00+00:00,2023-05-12T04:00:00+00:00,2.591557665731532678885605869569746
C2,20,LONG,2023-06-05T00:00:00+00:00,2023-06-05T16:00:00+00:00,-9.07508429737411455903758722909086
C2,20,SHORT,2023-06-07T12:00:00+00:00,2023-06-09T20:00:00+00:00,12.32638446418830204322565517599994
C2,20,SHORT,2023-06-10T00:00:00+00:00,2023-06-10T08:00:00+00:00,16.77719203196411521927967846347305
C2,20,LONG,2023-07-08T00:00:00+00:00,2023-07-11T04:00:00+00:00,0.6607205081779862151578838960470432
C2,20,LONG,2023-07-11T16:00:00+00:00,2023-07-13T16:00:00+00:00,8.022200578562612860465988606740692
C2,20,LONG,2023-07-13T20:00:00+00:00,2023-07-14T04:00:00+00:00,8.420356285000059644945749905763559
C2,20,LONG,2023-07-28T16:00:00+00:00,2023-07-31T00:00:00+00:00,-4.33796604887829718560819901140789
C2,20,LONG,2023-08-09T04:00:00+00:00,2023-08-12T08:00:00+00:00,0.4921287610246793851723499167533114
C2,20,LONG,2023-08-13T00:00:00+00:00,2023-08-14T04:00:00+00:00,-2.585614859451148391584591670748287
C2,20,LONG,2023-08-15T00:00:00+00:00,2023-08-15T20:00:00+00:00,-4.942073919298374812053409121329974
C2,20,SHORT,2023-08-18T16:00:00+00:00,2023-08-21T20:00:00+00:00,1.014834135537029633234013787600266
C2,20,SHORT,2023-08-22T20:00:00+00:00,2023-08-23T20:00:00+00:00,-7.706054298946903912228036183490273
C2,20,SHORT,2023-09-01T16:00:00+00:00,2023-09-04T20:00:00+00:00,-0.6580647516360517177260765335852171
C2,20,SHORT,2023-09-11T00:00:00+00:00,2023-09-14T04:00:00+00:00,-4.358523944038027172638419644129616
C2,20,LONG,2023-10-01T08:00:00+00:00,2023-10-01T12:00:00+00:00,6.997723602733489755894560795822886
C2,20,LONG,2023-10-01T16:00:00+00:00,2023-10-02T20:00:00+00:00,2.767544960058404663679489956262761
C2,20,LONG,2023-10-03T16:00:00+00:00,2023-10-06T20:00:00+00:00,-2.923505032138056780428410302886713
C2,20,LONG,2023-10-16T08:00:00+00:00,2023-10-16T16:00:00+00:00,1.06073975604754451679542679841427
C2,20,LONG,2023-10-16T20:00:00+00:00,2023-10-20T00:00:00+00:00,4.037801781893046898734819822917211
C2,20,LONG,2023-10-20T04:00:00+00:00,2023-10-21T08:00:00+00:00,8.804627121937049227903327219314947
C2,20,LONG,2023-10-21T12:00:00+00:00,2023-10-24T16:00:00+00:00,4.340497811547797432971114475315309
C2,20,LONG,2023-10-30T12:00:00+00:00,2023-11-01T12:00:00+00:00,11.78342252221520859209253877296431
C2,20,LONG,2023-11-01T16:00:00+00:00,2023-11-02T16:00:00+00:00,-1.848033512764385839883102192866348
C2,20,LONG,2023-11-08T04:00:00+00:00,2023-11-09T20:00:00+00:00,1.88582373911604307060479408763025
C2,20,LONG,2023-11-29T20:00:00+00:00,2023-12-03T00:00:00+00:00,5.52651843708301729721525765733508
C2,20,LONG,2023-12-03T04:00:00+00:00,2023-12-04T12:00:00+00:00,-3.548591897605015442819201720176988
C2,20,LONG,2023-12-06T20:00:00+00:00,2023-12-09T00:00:00+00:00,15.70948406056273052971195889625169
C2,20,LONG,2023-12-09T04:00:00+00:00,2023-12-11T04:00:00+00:00,-4.915688240669107829478537613750967
C2,20,LONG,2023-12-21T08:00:00+00:00,2023-12-23T20:00:00+00:00,17.9662192353992545228196752279912
C2,20,SHORT,2024-01-23T00:00:00+00:00,2024-01-26T04:00:00+00:00,-5.350281184088040069756856143351095
C2,20,LONG,2024-01-30T08:00:00+00:00,2024-02-01T00:00:00+00:00,-6.120839365636650223898507671507342
C2,20,LONG,2024-02-08T16:00:00+00:00,2024-02-11T20:00:00+00:00,2.978576718647687947498344662358787
C2,20,LONG,2024-02-13T04:00:00+00:00,2024-02-16T08:00:00+00:00,-1.762772456835309115180666345347846
C2,20,LONG,2024-02-27T04:00:00+00:00,2024-02-29T00:00:00+00:00,7.967910858212358560793832596419786
C2,20,LONG,2024-02-29T12:00:00+00:00,2024-03-03T16:00:00+00:00,-0.3660076348066564619285719570148333
C2,20,LONG,2024-03-14T12:00:00+00:00,2024-03-14T20:00:00+00:00,-6.643126891117202072518246527187231
C2,20,LONG,2024-03-15T00:00:00+00:00,2024-03-18T04:00:00+00:00,14.62999471051120927079470980710178
C2,20,LONG,2024-03-25T08:00:00+00:00,2024-03-28T12:00:00+00:00,-0.5933748092195603967318392901011604
C2,20,LONG,2024-03-30T20:00:00+00:00,2024-04-02T04:00:00+00:00,-6.596520114778261488405202164168491
C2,20,SHORT,2024-04-26T16:00:00+00:00,2024-04-29T20:00:00+00:00,4.954769217044749849766914817108999
C2,20,SHORT,2024-04-30T20:00:00+00:00,2024-05-01T20:00:00+00:00,-5.964677604697870352505232675393071
C2,20,LONG,2024-05-17T04:00:00+00:00,2024-05-20T08:00:00+00:00,9.156931061901723983475581254796602
C2,20,LONG,2024-05-20T12:00:00+00:00,2024-05-21T16:00:00+00:00,-0.9575735187830425194343074491627024
C2,20,LONG,2024-06-05T12:00:00+00:00,2024-06-07T20:00:00+00:00,-6.792348458287045191557782625800883
C2,20,SHORT,2024-06-20T00:00:00+00:00,2024-06-23T04:00:00+00:00,0.2251985419427671933542425089787665
C2,20,SHORT,2024-07-04T08:00:00+00:00,2024-07-05T16:00:00+00:00,-0.8128461951522335621940096885850203
C2,20,LONG,2024-07-16T08:00:00+00:00,2024-07-17T20:00:00+00:00,1.039318705830659687061796676388535
C2,20,LONG,2024-07-19T16:00:00+00:00,2024-07-22T20:00:00+00:00,7.866588173494317237835269626864392
C2,20,LONG,2024-07-26T16:00:00+00:00,2024-07-29T20:00:00+00:00,2.513951116718097562635125825505379
C2,20,SHORT,2024-08-28T20:00:00+00:00,2024-09-01T00:00:00+00:00,5.664354290521932095998949599332235
C2,20,SHORT,2024-09-01T08:00:00+00:00,2024-09-04T12:00:00+00:00,2.848786672305657026773784558740018
C2,20,LONG,2024-09-27T04:00:00+00:00,2024-09-30T08:00:00+00:00,0.2573648010977903381156624725202207
C2,20,LONG,2024-10-14T12:00:00+00:00,2024-10-15T20:00:00+00:00,0.797224069946849627632753720688838
C2,20,LONG,2024-10-16T00:00:00+00:00,2024-10-19T04:00:00+00:00,-0.5738882083358421661455904529904578
C2,20,LONG,2024-10-19T16:00:00+00:00,2024-10-21T04:00:00+00:00,7.860861839157892864567179476917981
C2,20,LONG,2024-10-21T08:00:00+00:00,2024-10-21T16:00:00+00:00,-2.473368940066934972282713288488368
C2,20,LONG,2024-10-23T20:00:00+00:00,2024-10-26T00:00:00+00:00,-5.168822082870522278667097921535642
C2,20,LONG,2024-11-06T08:00:00+00:00,2024-11-09T12:00:00+00:00,9.417176528305598844510139908579486
C2,20,LONG,2024-11-10T08:00:00+00:00,2024-11-12T16:00:00+00:00,2.166460861404738817099889593783159
C2,20,LONG,2024-11-17T16:00:00+00:00,2024-11-20T20:00:00+00:00,-1.043271733042100265156968784492895
C2,20,LONG,2024-11-21T20:00:00+00:00,2024-11-25T00:00:00+00:00,-0.9642989010518215255534207969507909
C2,20,SHORT,2024-12-19T20:00:00+00:00,2024-12-23T00:00:00+00:00,5.321791232430959541277301350517108
C2,20,SHORT,2025-01-08T12:00:00+00:00,2025-01-11T16:00:00+00:00,3.863733096066719279552143432653259
C2,20,SHORT,2025-01-13T12:00:00+00:00,2025-01-14T08:00:00+00:00,-6.324482548239881451942027684444347
C2,20,LONG,2025-01-18T16:00:00+00:00,2025-01-20T00:00:00+00:00,-2.451128231394517913767459940814936
C2,20,SHORT,2025-02-06T20:00:00+00:00,2025-02-10T00:00:00+00:00,-6.084584606724888809564617467198591
C2,20,SHORT,2025-02-17T16:00:00+00:00,2025-02-20T20:00:00+00:00,2.488214812039224245327296853059735
C2,20,SHORT,2025-02-24T08:00:00+00:00,2025-02-25T00:00:00+00:00,11.46365129102169194466590268042522
C2,20,SHORT,2025-03-10T08:00:00+00:00,2025-03-11T20:00:00+00:00,-0.5198343565981542752444194636506144
C2,20,SHORT,2025-03-18T16:00:00+00:00,2025-03-19T16:00:00+00:00,-8.49102640956790081231889057717152
C2,20,SHORT,2025-03-28T20:00:00+00:00,2025-04-01T00:00:00+00:00,3.273106328337350268404860520314586
C2,20,SHORT,2025-04-03T16:00:00+00:00,2025-04-06T20:00:00+00:00,4.833953084098711172620789526737636
C2,20,SHORT,2025-04-07T00:00:00+00:00,2025-04-07T16:00:00+00:00,-1.235536407083508500901498418640801
C2,20,LONG,2025-04-19T12:00:00+00:00,2025-04-22T16:00:00+00:00,4.218614392325823548113901866361825
C2,20,LONG,2025-04-22T20:00:00+00:00,2025-04-26T00:00:00+00:00,3.994808598834944005862374482347199
C2,20,LONG,2025-05-08T20:00:00+00:00,2025-05-11T00:00:00+00:00,10.29794715321247948059841981406375
C2,20,LONG,2025-05-11T04:00:00+00:00,2025-05-14T08:00:00+00:00,2.797414563682415055446087630964852
C2,20,LONG,2025-05-22T20:00:00+00:00,2025-05-26T00:00:00+00:00,-1.699316074328681086388968863526387
C2,20,SHORT,2025-06-13T04:00:00+00:00,2025-06-16T04:00:00+00:00,-8.002820034954405671078591059113263
C2,20,SHORT,2025-06-19T16:00:00+00:00,2025-06-22T16:00:00+00:00,9.72073485371386523589732465830332
C2,20,SHORT,2025-06-22T20:00:00+00:00,2025-06-23T20:00:00+00:00,-8.823354482996894130518496658401143
C2,20,LONG,2025-07-10T00:00:00+00:00,2025-07-13T04:00:00+00:00,2.140992160502267694284826544203718
C2,20,LONG,2025-07-14T08:00:00+00:00,2025-07-15T04:00:00+00:00,-5.313054876380234289180759482946024
C2,20,LONG,2025-07-16T16:00:00+00:00,2025-07-19T20:00:00+00:00,4.621402133180237394203652919652133
C2,20,LONG,2025-07-20T20:00:00+00:00,2025-07-22T04:00:00+00:00,9.483425038415063736542368516774808
C2,20,LONG,2025-07-22T08:00:00+00:00,2025-07-24T00:00:00+00:00,-4.89537551303068756281394045874575
C2,20,LONG,2025-08-08T12:00:00+00:00,2025-08-11T16:00:00+00:00,0.945596067388287777206268877050872
C2,20,LONG,2025-08-12T20:00:00+00:00,2025-08-14T16:00:00+00:00,1.724447855454424657847416947465238
C2,20,LONG,2025-08-23T12:00:00+00:00,2025-08-26T00:00:00+00:00,-7.904484338671180158458724465804739
C2,20,LONG,2025-08-27T12:00:00+00:00,2025-08-30T16:00:00+00:00,-2.409353103405744766741377998319066
C2,20,LONG,2025-09-09T04:00:00+00:00,2025-09-12T04:00:00+00:00,8.979622745843049538632039451100132
C2,20,LONG,2025-09-12T08:00:00+00:00,2025-09-15T08:00:00+00:00,-0.2253137652664295052352422105342036
C2,20,LONG,2025-09-18T04:00:00+00:00,2025-09-21T08:00:00+00:00,-3.262587070460179722273665468847407
C2,20,LONG,2025-10-03T08:00:00+00:00,2025-10-06T12:00:00+00:00,1.056374662148875846632188582885243
C2,20,LONG,2025-10-06T20:00:00+00:00,2025-10-07T16:00:00+00:00,-5.384287132943703685205534941322346
C2,20,SHORT,2025-10-17T00:00:00+00:00,2025-10-20T04:00:00+00:00,-3.893146076816827639973783148831251
C2,20,SHORT,2025-10-31T04:00:00+00:00,2025-11-03T08:00:00+00:00,4.146009867600495732769231136847089
C2,20,SHORT,2025-11-03T16:00:00+00:00,2025-11-06T20:00:00+00:00,5.45129959260065089026266797363743
C2,20,SHORT,2025-11-13T20:00:00+00:00,2025-11-17T00:00:00+00:00,3.389274646574694331978262664598817
C2,20,SHORT,2025-11-17T20:00:00+00:00,2025-11-18T16:00:00+00:00,-8.247558443625454140432351648745218
C2,20,SHORT,2025-11-22T12:00:00+00:00,2025-11-25T00:00:00+00:00,-9.808067708558307838851148802719833
C2,20,SHORT,2025-12-01T12:00:00+00:00,2025-12-02T16:00:00+00:00,-8.952992868125925120532455441794697
C2,20,SHORT,2025-12-07T00:00:00+00:00,2025-12-08T12:00:00+00:00,-5.168502054716881587330386390549956
C2,30,SHORT,2022-01-19T12:00:00+00:00,2022-01-21T16:00:00+00:00,9.873496128346856915960266770827205
C2,30,SHORT,2022-02-12T16:00:00+00:00,2022-02-15T20:00:00+00:00,-7.659463364901354683070021595187465
C2,30,SHORT,2022-02-18T12:00:00+00:00,2022-02-21T00:00:00+00:00,2.693146573766341063474116874325332
C2,30,SHORT,2022-03-06T20:00:00+00:00,2022-03-10T00:00:00+00:00,-3.94521901322992941336161646275432
C2,30,LONG,2022-03-25T00:00:00+00:00,2022-03-28T04:00:00+00:00,3.694856759178170079414386189721879
C2,30,LONG,2022-03-28T08:00:00+00:00,2022-03-30T16:00:00+00:00,12.01454402918573030938253768414044
C2,30,LONG,2022-03-30T20:00:00+00:00,2022-04-03T00:00:00+00:00,8.560556379158986239921398137477799
C2,30,SHORT,2022-05-01T00:00:00+00:00,2022-05-01T20:00:00+00:00,-4.749239269376915309863020437515484
C2,30,SHORT,2022-05-02T12:00:00+00:00,2022-05-05T04:00:00+00:00,-9.458748555207206470506340828371253
C2,30,SHORT,2022-05-06T12:00:00+00:00,2022-05-09T16:00:00+00:00,13.34977099820918798022306296038619
C2,30,SHORT,2022-05-26T00:00:00+00:00,2022-05-29T04:00:00+00:00,11.05637346519660204002416838792128
C2,30,SHORT,2022-06-03T08:00:00+00:00,2022-06-06T04:00:00+00:00,-4.262519948695309320463012639059469
C2,30,SHORT,2022-07-11T20:00:00+00:00,2022-07-14T04:00:00+00:00,1.427282898501521783240914876483974
C2,30,LONG,2022-07-18T08:00:00+00:00,2022-07-21T00:00:00+00:00,-0.902900259840313342876006662573598
C2,30,LONG,2022-07-28T20:00:00+00:00,2022-08-01T00:00:00+00:00,-0.2524529616540176842242797341208682
C2,30,LONG,2022-08-08T08:00:00+00:00,2022-08-09T16:00:00+00:00,-6.687788932637306649955728208542446
C2,30,LONG,2022-08-11T04:00:00+00:00,2022-08-14T08:00:00+00:00,8.177377839510583187646755776393134
C2,30,LONG,2022-08-14T12:00:00+00:00,2022-08-15T12:00:00+00:00,-6.859558980626631709694725667791296
C2,30,SHORT,2022-08-20T20:00:00+00:00,2022-08-24T00:00:00+00:00,-4.381496883401215660671550469017125
C2,30,SHORT,2022-08-27T00:00:00+00:00,2022-08-30T04:00:00+00:00,-2.623643551391813659332285530017745
C2,30,SHORT,2022-10-13T08:00:00+00:00,2022-10-13T16:00:00+00:00,-0.5207146650398606720251986011470467
C2,30,SHORT,2022-10-20T20:00:00+00:00,2022-10-24T00:00:00+00:00,-4.278827277769839281776580293871897
C2,30,LONG,2022-11-04T16:00:00+00:00,2022-11-05T16:00:00+00:00,11.70510206336746541946391834720413
C2,30,LONG,2022-11-05T20:00:00+00:00,2022-11-06T20:00:00+00:00,-8.392629143656840245301544997698055
C2,30,SHORT,2022-12-17T00:00:00+00:00,2022-12-20T04:00:00+00:00,-0.2197930795831633042691402059765487
C2,30,SHORT,2022-12-28T08:00:00+00:00,2022-12-30T00:00:00+00:00,4.41478888413798490005904732611707
C2,30,LONG,2023-01-09T08:00:00+00:00,2023-01-12T12:00:00+00:00,-2.420543367766696357532635071310745
C2,30,LONG,2023-01-14T00:00:00+00:00,2023-01-14T04:00:00+00:00,19.1504816148229444889711091451108
C2,30,LONG,2023-02-16T00:00:00+00:00,2023-02-17T04:00:00+00:00,-5.712699874267477900348065700323389
C2,30,LONG,2023-02-19T12:00:00+00:00,2023-02-20T08:00:00+00:00,11.09296532814685145830685766319253
C2,30,LONG,2023-02-20T12:00:00+00:00,2023-02-22T04:00:00+00:00,-7.921775952681436722224590339354156
C2,30,SHORT,2023-03-08T08:00:00+00:00,2023-03-10T00:00:00+00:00,9.102197999529985474784449944450658
C2,30,SHORT,2023-03-10T04:00:00+00:00,2023-03-11T04:00:00+00:00,-6.857810164347485582546610708615698
C2,30,LONG,2023-04-12T04:00:00+00:00,2023-04-14T04:00:00+00:00,10.44425340733891204173741632445461
C2,30,LONG,2023-04-14T08:00:00+00:00,2023-04-17T12:00:00+00:00,-0.67686528475887113633971484594747
C2,30,LONG,2023-04-29T12:00:00+00:00,2023-05-01T04:00:00+00:00,-5.35799363650734192024636276601754
C2,30,SHORT,2023-05-09T00:00:00+00:00,2023-05-12T04:00:00+00:00,2.394543252224278719483296094988478
C2,30,LONG,2023-06-05T00:00:00+00:00,2023-06-05T16:00:00+00:00,-9.26639182813826875286620688116592
C2,30,SHORT,2023-06-07T12:00:00+00:00,2023-06-09T20:00:00+00:00,12.13908544668749196542448317517758
C2,30,SHORT,2023-06-10T00:00:00+00:00,2023-06-10T08:00:00+00:00,16.59433493818364028436877993898549
C2,30,LONG,2023-07-08T00:00:00+00:00,2023-07-11T04:00:00+00:00,0.4596576619774070706537176797183388
C2,30,LONG,2023-07-11T16:00:00+00:00,2023-07-13T16:00:00+00:00,7.813761499826578178241072786493456
C2,30,LONG,2023-07-13T20:00:00+00:00,2023-07-14T04:00:00+00:00,8.211518252650360186383680016078426
C2,30,LONG,2023-07-28T16:00:00+00:00,2023-07-31T00:00:00+00:00,-4.534020191113890074199773962298263
C2,30,LONG,2023-08-09T04:00:00+00:00,2023-08-12T08:00:00+00:00,0.2912348444304662795759848366764043
C2,30,LONG,2023-08-13T00:00:00+00:00,2023-08-14T04:00:00+00:00,-2.783424864601998944298434765266575
C2,30,LONG,2023-08-15T00:00:00+00:00,2023-08-15T20:00:00+00:00,-5.137522743026532753123495885737459
C2,30,SHORT,2023-08-18T16:00:00+00:00,2023-08-21T20:00:00+00:00,0.8162461456523360500336485318992688
C2,30,SHORT,2023-08-22T20:00:00+00:00,2023-08-23T20:00:00+00:00,-7.913345770303138347270179932176391
C2,30,SHORT,2023-09-01T16:00:00+00:00,2023-09-04T20:00:00+00:00,-0.8583223012883831066659229173512702
C2,30,SHORT,2023-09-11T00:00:00+00:00,2023-09-14T04:00:00+00:00,-4.562474566736667918319695512037929
C2,30,LONG,2023-10-01T08:00:00+00:00,2023-10-01T12:00:00+00:00,6.790311054033355998624125364163744
C2,30,LONG,2023-10-01T16:00:00+00:00,2023-10-02T20:00:00+00:00,2.564371067312855160008468423240454
C2,30,LONG,2023-10-03T16:00:00+00:00,2023-10-06T20:00:00+00:00,-3.120976469981605821730586244466986
C2,30,LONG,2023-10-16T08:00:00+00:00,2023-10-16T16:00:00+00:00,0.859276088957316516277595709437903
C2,30,LONG,2023-10-16T20:00:00+00:00,2023-10-20T00:00:00+00:00,3.833355086720809376792199762974409
C2,30,LONG,2023-10-20T04:00:00+00:00,2023-10-21T08:00:00+00:00,8.5954040486685752306809791960491
C2,30,LONG,2023-10-21T12:00:00+00:00,2023-10-24T16:00:00+00:00,4.135747813740635311294790713315995
C2,30,LONG,2023-10-30T12:00:00+00:00,2023-11-01T12:00:00+00:00,11.57121468401659615863352821307156
C2,30,LONG,2023-11-01T16:00:00+00:00,2023-11-02T16:00:00+00:00,-2.046582577380854391145744375037825
C2,30,LONG,2023-11-08T04:00:00+00:00,2023-11-09T20:00:00+00:00,1.683533334567830602598176057482324
C2,30,LONG,2023-11-29T20:00:00+00:00,2023-12-03T00:00:00+00:00,5.320580041855479203731074032427931
C2,30,LONG,2023-12-03T04:00:00+00:00,2023-12-04T12:00:00+00:00,-3.745436995904008413317378872761981
C2,30,LONG,2023-12-06T20:00:00+00:00,2023-12-09T00:00:00+00:00,15.49334229296697629070423148252799
C2,30,LONG,2023-12-09T04:00:00+00:00,2023-12-11T04:00:00+00:00,-5.111163502953006519028158317544804
C2,30,LONG,2023-12-21T08:00:00+00:00,2023-12-23T20:00:00+00:00,17.74781621011328332590302224680082
C2,30,SHORT,2024-01-23T00:00:00+00:00,2024-01-26T04:00:00+00:00,-5.555221584471361467032062586607932
C2,30,LONG,2024-01-30T08:00:00+00:00,2024-02-01T00:00:00+00:00,-6.315107061663066406038889928349519
C2,30,LONG,2024-02-08T16:00:00+00:00,2024-02-11T20:00:00+00:00,2.775191371234213310276402433238187
C2,30,LONG,2024-02-13T04:00:00+00:00,2024-02-16T08:00:00+00:00,-1.96140695337154628039591617866914
C2,30,LONG,2024-02-27T04:00:00+00:00,2024-02-29T00:00:00+00:00,7.759526177993708902917285669970468
C2,30,LONG,2024-02-29T12:00:00+00:00,2024-03-03T16:00:00+00:00,-0.5660416952928221368164190793023936
C2,30,LONG,2024-03-14T12:00:00+00:00,2024-03-14T20:00:00+00:00,-6.836871252949749966233158103813296
C2,30,LONG,2024-03-15T00:00:00+00:00,2024-03-18T04:00:00+00:00,14.41493459557081727753740047863775
C2,30,LONG,2024-03-25T08:00:00+00:00,2024-03-28T12:00:00+00:00,-0.7931810468856730616649737196701973
C2,30,LONG,2024-03-30T20:00:00+00:00,2024-04-02T04:00:00+00:00,-6.790311176787501707354695949575135
C2,30,SHORT,2024-04-26T16:00:00+00:00,2024-04-29T20:00:00+00:00,4.760113298099684729856502556447431
C2,30,SHORT,2024-04-30T20:00:00+00:00,2024-05-01T20:00:00+00:00,-6.170231175161640682198351670079092
C2,30,LONG,2024-05-17T04:00:00+00:00,2024-05-20T08:00:00+00:00,8.947354978673365542610375261555322
C2,30,LONG,2024-05-20T12:00:00+00:00,2024-05-21T16:00:00+00:00,-1.157014827882458308492990507830876
C2,30,LONG,2024-06-05T12:00:00+00:00,2024-06-07T20:00:00+00:00,-6.985943299511206468920951180284048
C2,30,SHORT,2024-06-20T00:00:00+00:00,2024-06-23T04:00:00+00:00,0.0258224925834286376589872619817394
C2,30,SHORT,2024-07-04T08:00:00+00:00,2024-07-05T16:00:00+00:00,-1.01325821730308409469120929905267
C2,30,LONG,2024-07-16T08:00:00+00:00,2024-07-17T20:00:00+00:00,0.8378765027186049178362838540675042
C2,30,LONG,2024-07-19T16:00:00+00:00,2024-07-22T20:00:00+00:00,7.658305019011858002126015849683165
C2,30,LONG,2024-07-26T16:00:00+00:00,2024-07-29T20:00:00+00:00,2.311031326019983236420060569167197
C2,30,SHORT,2024-08-28T20:00:00+00:00,2024-09-01T00:00:00+00:00,5.470406540312872147990964519092048
C2,30,SHORT,2024-09-01T08:00:00+00:00,2024-09-04T12:00:00+00:00,2.652028974373826345163778355704828
C2,30,LONG,2024-09-27T04:00:00+00:00,2024-09-30T08:00:00+00:00,0.0567061189323616904822800451930461
C2,30,LONG,2024-10-14T12:00:00+00:00,2024-10-15T20:00:00+00:00,0.59602444663026961798582711375428
C2,30,LONG,2024-10-16T00:00:00+00:00,2024-10-19T04:00:00+00:00,-0.7737139716541429254981499815946757
C2,30,LONG,2024-10-19T16:00:00+00:00,2024-10-21T04:00:00+00:00,7.652584422485389965905288515518264
C2,30,LONG,2024-10-21T08:00:00+00:00,2024-10-21T16:00:00+00:00,-2.671291416078891951268401952527958
C2,30,LONG,2024-10-23T20:00:00+00:00,2024-10-26T00:00:00+00:00,-5.36404370402997065313737137051206
C2,30,LONG,2024-11-06T08:00:00+00:00,2024-11-09T12:00:00+00:00,9.207339678076835719415440369592933
C2,30,LONG,2024-11-10T08:00:00+00:00,2024-11-12T16:00:00+00:00,1.96388925733519499062984962425031
C2,30,LONG,2024-11-17T16:00:00+00:00,2024-11-20T20:00:00+00:00,-1.242627172187348661684867613366149
C2,30,LONG,2024-11-21T20:00:00+00:00,2024-11-25T00:00:00+00:00,-1.163733471291248558092946427414768
C2,30,SHORT,2024-12-19T20:00:00+00:00,2024-12-23T00:00:00+00:00,5.127501602922407604691749755058542
C2,30,SHORT,2025-01-08T12:00:00+00:00,2025-01-11T16:00:00+00:00,3.667988318717484468453892078793632
C2,30,SHORT,2025-01-13T12:00:00+00:00,2025-01-14T08:00:00+00:00,-6.530395205473653788720412941614451
C2,30,LONG,2025-01-18T16:00:00+00:00,2025-01-20T00:00:00+00:00,-2.649072992685705771569296153299089
C2,30,SHORT,2025-02-06T20:00:00+00:00,2025-02-10T00:00:00+00:00,-6.290257844855352770452406506587013
C2,30,SHORT,2025-02-17T16:00:00+00:00,2025-02-20T20:00:00+00:00,2.291097261951439039983312119380154
C2,30,SHORT,2025-02-24T08:00:00+00:00,2025-02-25T00:00:00+00:00,11.27549126237001698652684669507634
C2,30,SHORT,2025-03-10T08:00:00+00:00,2025-03-11T20:00:00+00:00,-0.7199539517644198982736055110195272
C2,30,SHORT,2025-03-18T16:00:00+00:00,2025-03-19T16:00:00+00:00,-8.699101286224156202351144958985064
C2,30,SHORT,2025-03-28T20:00:00+00:00,2025-04-01T00:00:00+00:00,3.076772103116130059091891319237056
C2,30,SHORT,2025-04-03T16:00:00+00:00,2025-04-06T20:00:00+00:00,4.639176590170665974190271352612624
C2,30,SHORT,2025-04-07T00:00:00+00:00,2025-04-07T16:00:00+00:00,-1.436370275753252521361479953988746
C2,30,LONG,2025-04-19T12:00:00+00:00,2025-04-22T16:00:00+00:00,4.013986522193232542554669499762264
C2,30,LONG,2025-04-22T20:00:00+00:00,2025-04-26T00:00:00+00:00,3.790404983004448069984756872645448
C2,30,LONG,2025-05-08T20:00:00+00:00,2025-05-11T00:00:00+00:00,10.08722776728741687590844143749656
C2,30,LONG,2025-05-11T04:00:00+00:00,2025-05-14T08:00:00+00:00,2.594210741474316443166081531134226
C2,30,LONG,2025-05-22T20:00:00+00:00,2025-05-26T00:00:00+00:00,-1.898014154414524091312426810556922
C2,30,SHORT,2025-06-13T04:00:00+00:00,2025-06-16T04:00:00+00:00,-8.210407679699869149792242347595412
C2,30,SHORT,2025-06-19T16:00:00+00:00,2025-06-22T16:00:00+00:00,9.530835387500006817969078475327574
C2,30,SHORT,2025-06-22T20:00:00+00:00,2025-06-23T20:00:00+00:00,-9.031761024397090631646758631114119
C2,30,LONG,2025-07-10T00:00:00+00:00,2025-07-13T04:00:00+00:00,1.938446076173107105412797659890889
C2,30,LONG,2025-07-14T08:00:00+00:00,2025-07-15T04:00:00+00:00,-5.508131975702498583480177559616418
C2,30,LONG,2025-07-16T16:00:00+00:00,2025-07-19T20:00:00+00:00,4.416370668116930543107256473840858
C2,30,LONG,2025-07-20T20:00:00+00:00,2025-07-22T04:00:00+00:00,9.273521806913645837006754921066616
C2,30,LONG,2025-07-22T08:00:00+00:00,2025-07-24T00:00:00+00:00,-5.090871128749093687500499636642798
C2,30,LONG,2025-08-08T12:00:00+00:00,2025-08-11T16:00:00+00:00,0.744247774735594102078807685791302
C2,30,LONG,2025-08-12T20:00:00+00:00,2025-08-14T16:00:00+00:00,1.522319150188438260394664024672187
C2,30,LONG,2025-08-23T12:00:00+00:00,2025-08-26T00:00:00+00:00,-8.096964815285738094171691675758842
C2,30,LONG,2025-08-27T12:00:00+00:00,2025-08-30T16:00:00+00:00,-2.607339723542612757957068000324758
C2,30,LONG,2025-09-09T04:00:00+00:00,2025-09-12T04:00:00+00:00,8.770224326258036462942027387521875
C2,30,LONG,2025-09-12T08:00:00+00:00,2025-09-15T08:00:00+00:00,-0.4254888015737777722640646131288587
C2,30,LONG,2025-09-18T04:00:00+00:00,2025-09-21T08:00:00+00:00,-3.459718746742283750608060593628121
C2,30,LONG,2025-10-03T08:00:00+00:00,2025-10-06T12:00:00+00:00,0.8549153689002296784491903979324526
C2,30,LONG,2025-10-06T20:00:00+00:00,2025-10-07T16:00:00+00:00,-5.579292857259391356863645627753887
C2,30,SHORT,2025-10-17T00:00:00+00:00,2025-10-20T04:00:00+00:00,-4.096632250546185751390922652971802
C2,30,SHORT,2025-10-31T04:00:00+00:00,2025-11-03T08:00:00+00:00,3.950546803596105009947643543171288
C2,30,SHORT,2025-11-03T16:00:00+00:00,2025-11-06T20:00:00+00:00,5.257139212952547747438578819918505
C2,30,SHORT,2025-11-13T20:00:00+00:00,2025-11-17T00:00:00+00:00,3.193056357798820773427342767058496
C2,30,SHORT,2025-11-17T20:00:00+00:00,2025-11-18T16:00:00+00:00,-8.455390338279770960931785133424604
C2,30,SHORT,2025-11-22T12:00:00+00:00,2025-11-25T00:00:00+00:00,-10.01745699768860555126517190531736
C2,30,SHORT,2025-12-01T12:00:00+00:00,2025-12-02T16:00:00+00:00,-9.161528789151998898097857093932217
C2,30,SHORT,2025-12-07T00:00:00+00:00,2025-12-08T12:00:00+00:00,-5.373261038803425381329718113494617
C2,40,SHORT,2022-01-19T12:00:00+00:00,2022-01-21T16:00:00+00:00,9.683938297966345307701004823440193
C2,40,SHORT,2022-02-12T16:00:00+00:00,2022-02-15T20:00:00+00:00,-7.866501713221296213162813241842687
C2,40,SHORT,2022-02-18T12:00:00+00:00,2022-02-21T00:00:00+00:00,2.496429870450056258951159862235925
C2,40,SHORT,2022-03-06T20:00:00+00:00,2022-03-10T00:00:00+00:00,-4.148554226603040010982116578868731
C2,40,LONG,2022-03-25T00:00:00+00:00,2022-03-28T04:00:00+00:00,3.49054897907869347953533464890972
C2,40,LONG,2022-03-28T08:00:00+00:00,2022-03-30T16:00:00+00:00,11.80189152765194321779840274162877
C2,40,LONG,2022-03-30T20:00:00+00:00,2022-04-03T00:00:00+00:00,8.351368258417603104274536153388052
C2,40,SHORT,2022-05-01T00:00:00+00:00,2022-05-01T20:00:00+00:00,-4.953376098159943141677440198669537
C2,40,SHORT,2022-05-02T12:00:00+00:00,2022-05-05T04:00:00+00:00,-9.667580807007014253627483740463348
C2,40,SHORT,2022-05-06T12:00:00+00:00,2022-05-09T16:00:00+00:00,13.1636790450668242593658576393098
C2,40,SHORT,2022-05-26T00:00:00+00:00,2022-05-29T04:00:00+00:00,10.86799497413498349769119148701193
C2,40,SHORT,2022-06-03T08:00:00+00:00,2022-06-06T04:00:00+00:00,-4.466171513948245820284012651660725
C2,40,SHORT,2022-07-11T20:00:00+00:00,2022-07-14T04:00:00+00:00,1.229304117742300967471464143559232
C2,40,LONG,2022-07-18T08:00:00+00:00,2022-07-21T00:00:00+00:00,-1.10259644814538825426730454957202
C2,40,LONG,2022-07-28T20:00:00+00:00,2022-08-01T00:00:00+00:00,-0.4528015544708140556543456521408071
C2,40,LONG,2022-08-08T08:00:00+00:00,2022-08-09T16:00:00+00:00,-6.881682825382906141781249042836786
C2,40,LONG,2022-08-11T04:00:00+00:00,2022-08-14T08:00:00+00:00,7.968574050303451208521733955153021
C2,40,LONG,2022-08-14T12:00:00+00:00,2022-08-15T12:00:00+00:00,-7.053280586463515730046085020180673
C2,40,SHORT,2022-08-20T20:00:00+00:00,2022-08-24T00:00:00+00:00,-4.585267069725643592536626790521628
C2,40,SHORT,2022-08-27T00:00:00+00:00,2022-08-30T04:00:00+00:00,-2.825661142170868309042487210506297
C2,40,SHORT,2022-10-13T08:00:00+00:00,2022-10-13T16:00:00+00:00,-0.7206356168494716996144560274692272
C2,40,SHORT,2022-10-20T20:00:00+00:00,2022-10-24T00:00:00+00:00,-4.482495101576190068697593833546744
C2,40,LONG,2022-11-04T16:00:00+00:00,2022-11-05T16:00:00+00:00,11.4927599349187518132257398934958
C2,40,LONG,2022-11-05T20:00:00+00:00,2022-11-06T20:00:00+00:00,-8.584813066281056052477772134109591
C2,40,SHORT,2022-12-17T00:00:00+00:00,2022-12-20T04:00:00+00:00,-0.4194140098718803165366069459625672
C2,40,SHORT,2022-12-28T08:00:00+00:00,2022-12-30T00:00:00+00:00,4.219788673653576111325307592643608
C2,40,LONG,2023-01-09T08:00:00+00:00,2023-01-12T12:00:00+00:00,-2.618717346334633472520064725201105
C2,40,LONG,2023-01-14T00:00:00+00:00,2023-01-14T04:00:00+00:00,18.93067170347407493582269278689103
C2,40,LONG,2023-02-16T00:00:00+00:00,2023-02-17T04:00:00+00:00,-5.907571790140830480187235142950948
C2,40,LONG,2023-02-19T12:00:00+00:00,2023-02-20T08:00:00+00:00,10.88123717836937216898057194838492
C2,40,LONG,2023-02-20T12:00:00+00:00,2023-02-22T04:00:00+00:00,-8.114432145306630867939510509525315
C2,40,SHORT,2023-03-08T08:00:00+00:00,2023-03-10T00:00:00+00:00,8.911871177994123047540964849679422
C2,40,SHORT,2023-03-10T04:00:00+00:00,2023-03-11T04:00:00+00:00,-7.064049257233175996886138735244427
C2,40,LONG,2023-04-12T04:00:00+00:00,2023-04-14T04:00:00+00:00,10.23317592147397832855613506434984
C2,40,LONG,2023-04-14T08:00:00+00:00,2023-04-17T12:00:00+00:00,-0.8767881881843888182491032964530392
C2,40,LONG,2023-04-29T12:00:00+00:00,2023-05-01T04:00:00+00:00,-5.553221325939129942392554979893149
C2,40,SHORT,2023-05-09T00:00:00+00:00,2023-05-12T04:00:00+00:00,2.19752883871702476008098632040721
C2,40,LONG,2023-06-05T00:00:00+00:00,2023-06-05T16:00:00+00:00,-9.457699358902422946694826533240979
C2,40,SHORT,2023-06-07T12:00:00+00:00,2023-06-09T20:00:00+00:00,11.95178642918668188762331117435523
C2,40,SHORT,2023-06-10T00:00:00+00:00,2023-06-10T08:00:00+00:00,16.41147784440316534945788141449794
C2,40,LONG,2023-07-08T00:00:00+00:00,2023-07-11T04:00:00+00:00,0.2585948157768279261495514633896344
C2,40,LONG,2023-07-11T16:00:00+00:00,2023-07-13T16:00:00+00:00,7.605322421090543496016156966246221
C2,40,LONG,2023-07-13T20:00:00+00:00,2023-07-14T04:00:00+00:00,8.002680220300660727821610126393292
C2,40,LONG,2023-07-28T16:00:00+00:00,2023-07-31T00:00:00+00:00,-4.730074333349482962791348913188636
C2,40,LONG,2023-08-09T04:00:00+00:00,2023-08-12T08:00:00+00:00,0.0903409278362531739796197565994972
C2,40,LONG,2023-08-13T00:00:00+00:00,2023-08-14T04:00:00+00:00,-2.981234869752849497012277859784863
C2,40,LONG,2023-08-15T00:00:00+00:00,2023-08-15T20:00:00+00:00,-5.332971566754690694193582650144944
C2,40,SHORT,2023-08-18T16:00:00+00:00,2023-08-21T20:00:00+00:00,0.617658155767642466833283276198271
C2,40,SHORT,2023-08-22T20:00:00+00:00,2023-08-23T20:00:00+00:00,-8.120637241659372782312323680862509
C2,40,SHORT,2023-09-01T16:00:00+00:00,2023-09-04T20:00:00+00:00,-1.058579850940714495605769301117323
C2,40,SHORT,2023-09-11T00:00:00+00:00,2023-09-14T04:00:00+00:00,-4.766425189435308664000971379946242
C2,40,LONG,2023-10-01T08:00:00+00:00,2023-10-01T12:00:00+00:00,6.582898505333222241353689932504603
C2,40,LONG,2023-10-01T16:00:00+00:00,2023-10-02T20:00:00+00:00,2.361197174567305656337446890218146
C2,40,LONG,2023-10-03T16:00:00+00:00,2023-10-06T20:00:00+00:00,-3.31844790782515486303276218604726
C2,40,LONG,2023-10-16T08:00:00+00:00,2023-10-16T16:00:00+00:00,0.657812421867088515759764620461536
C2,40,LONG,2023-10-16T20:00:00+00:00,2023-10-20T00:00:00+00:00,3.628908391548571854849579703031606
C2,40,LONG,2023-10-20T04:00:00+00:00,2023-10-21T08:00:00+00:00,8.386180975400101233458631172783254
C2,40,LONG,2023-10-21T12:00:00+00:00,2023-10-24T16:00:00+00:00,3.930997815933473189618466951316681
C2,40,LONG,2023-10-30T12:00:00+00:00,2023-11-01T12:00:00+00:00,11.35900684581798372517451765317881
C2,40,LONG,2023-11-01T16:00:00+00:00,2023-11-02T16:00:00+00:00,-2.245131641997322942408386557209301
C2,40,LONG,2023-11-08T04:00:00+00:00,2023-11-09T20:00:00+00:00,1.481242930019618134591558027334398
C2,40,LONG,2023-11-29T20:00:00+00:00,2023-12-03T00:00:00+00:00,5.114641646627941110246890407520781
C2,40,LONG,2023-12-03T04:00:00+00:00,2023-12-04T12:00:00+00:00,-3.942282094203001383815556025346974
C2,40,LONG,2023-12-06T20:00:00+00:00,2023-12-09T00:00:00+00:00,15.27720052537122205169650406880429
C2,40,LONG,2023-12-09T04:00:00+00:00,2023-12-11T04:00:00+00:00,-5.306638765236905208577779021338641
C2,40,LONG,2023-12-21T08:00:00+00:00,2023-12-23T20:00:00+00:00,17.52941318482731212898636926561045
C2,40,SHORT,2024-01-23T00:00:00+00:00,2024-01-26T04:00:00+00:00,-5.76016198485468286430726902986477
C2,40,LONG,2024-01-30T08:00:00+00:00,2024-02-01T00:00:00+00:00,-6.509374757689482588179272185191696
C2,40,LONG,2024-02-08T16:00:00+00:00,2024-02-11T20:00:00+00:00,2.571806023820738673054460204117587
C2,40,LONG,2024-02-13T04:00:00+00:00,2024-02-16T08:00:00+00:00,-2.160041449907783445611166011990435
C2,40,LONG,2024-02-27T04:00:00+00:00,2024-02-29T00:00:00+00:00,7.551141497775059245040738743521149
C2,40,LONG,2024-02-29T12:00:00+00:00,2024-03-03T16:00:00+00:00,-0.7660757557789878117042662015899539
C2,40,LONG,2024-03-14T12:00:00+00:00,2024-03-14T20:00:00+00:00,-7.030615614782297859948069680439361
C2,40,LONG,2024-03-15T00:00:00+00:00,2024-03-18T04:00:00+00:00,14.19987448063042528428009115017372
C2,40,LONG,2024-03-25T08:00:00+00:00,2024-03-28T12:00:00+00:00,-0.9929872845517857265981081492392342
C2,40,LONG,2024-03-30T20:00:00+00:00,2024-04-02T04:00:00+00:00,-6.98410223879674192630418973498178
C2,40,SHORT,2024-04-26T16:00:00+00:00,2024-04-29T20:00:00+00:00,4.565457379154619609946090295785864
C2,40,SHORT,2024-04-30T20:00:00+00:00,2024-05-01T20:00:00+00:00,-6.375784745625411011891470664765113
C2,40,LONG,2024-05-17T04:00:00+00:00,2024-05-20T08:00:00+00:00,8.737778895445007101745169268314043
C2,40,LONG,2024-05-20T12:00:00+00:00,2024-05-21T16:00:00+00:00,-1.35645613698187409755167356649905
C2,40,LONG,2024-06-05T12:00:00+00:00,2024-06-07T20:00:00+00:00,-7.179538140735367746284119734767214
C2,40,SHORT,2024-06-20T00:00:00+00:00,2024-06-23T04:00:00+00:00,-0.1735535567759099180362679850152878
C2,40,SHORT,2024-07-04T08:00:00+00:00,2024-07-05T16:00:00+00:00,-1.21367023945393462718840890952032
C2,40,LONG,2024-07-16T08:00:00+00:00,2024-07-17T20:00:00+00:00,0.6364342996065501486107710317464736
C2,40,LONG,2024-07-19T16:00:00+00:00,2024-07-22T20:00:00+00:00,7.450021864529398766416762072501938
C2,40,LONG,2024-07-26T16:00:00+00:00,2024-07-29T20:00:00+00:00,2.108111535321868910204995312829015
C2,40,SHORT,2024-08-28T20:00:00+00:00,2024-09-01T00:00:00+00:00,5.27645879010381219998297943885186
C2,40,SHORT,2024-09-01T08:00:00+00:00,2024-09-04T12:00:00+00:00,2.455271276441995663553772152669639
C2,40,LONG,2024-09-27T04:00:00+00:00,2024-09-30T08:00:00+00:00,-0.1439525632330669571511023821341285
C2,40,LONG,2024-10-14T12:00:00+00:00,2024-10-15T20:00:00+00:00,0.394824823313689608338900506819722
C2,40,LONG,2024-10-16T00:00:00+00:00,2024-10-19T04:00:00+00:00,-0.9735397349724436848507095101988937
C2,40,LONG,2024-10-19T16:00:00+00:00,2024-10-21T04:00:00+00:00,7.444307005812887067243397554118546
C2,40,LONG,2024-10-21T08:00:00+00:00,2024-10-21T16:00:00+00:00,-2.869213892090848930254090616567549
C2,40,LONG,2024-10-23T20:00:00+00:00,2024-10-26T00:00:00+00:00,-5.559265325189419027607644819488477
C2,40,LONG,2024-11-06T08:00:00+00:00,2024-11-09T12:00:00+00:00,8.997502827848072594320740830606381
C2,40,LONG,2024-11-10T08:00:00+00:00,2024-11-12T16:00:00+00:00,1.761317653265651164159809654717461
C2,40,LONG,2024-11-17T16:00:00+00:00,2024-11-20T20:00:00+00:00,-1.441982611332597058212766442239402
C2,40,LONG,2024-11-21T20:00:00+00:00,2024-11-25T00:00:00+00:00,-1.363168041530675590632472057878745
C2,40,SHORT,2024-12-19T20:00:00+00:00,2024-12-23T00:00:00+00:00,4.933211973413855668106198159599976
C2,40,SHORT,2025-01-08T12:00:00+00:00,2025-01-11T16:00:00+00:00,3.472243541368249657355640724934004
C2,40,SHORT,2025-01-13T12:00:00+00:00,2025-01-14T08:00:00+00:00,-6.736307862707426125498798198784555
C2,40,LONG,2025-01-18T16:00:00+00:00,2025-01-20T00:00:00+00:00,-2.847017753976893629371132365783242
C2,40,SHORT,2025-02-06T20:00:00+00:00,2025-02-10T00:00:00+00:00,-6.495931082985816731340195545975435
C2,40,SHORT,2025-02-17T16:00:00+00:00,2025-02-20T20:00:00+00:00,2.093979711863653834639327385700573
C2,40,SHORT,2025-02-24T08:00:00+00:00,2025-02-25T00:00:00+00:00,11.08733123371834202838779070972746
C2,40,SHORT,2025-03-10T08:00:00+00:00,2025-03-11T20:00:00+00:00,-0.92007354693068552130279155838844
C2,40,SHORT,2025-03-18T16:00:00+00:00,2025-03-19T16:00:00+00:00,-8.907176162880411592383399340798609
C2,40,SHORT,2025-03-28T20:00:00+00:00,2025-04-01T00:00:00+00:00,2.880437877894909849778922118159526
C2,40,SHORT,2025-04-03T16:00:00+00:00,2025-04-06T20:00:00+00:00,4.444400096242620775759753178487612
C2,40,SHORT,2025-04-07T00:00:00+00:00,2025-04-07T16:00:00+00:00,-1.637204144422996541821461489336691
C2,40,LONG,2025-04-19T12:00:00+00:00,2025-04-22T16:00:00+00:00,3.809358652060641536995437133162703
C2,40,LONG,2025-04-22T20:00:00+00:00,2025-04-26T00:00:00+00:00,3.586001367173952134107139262943697
C2,40,LONG,2025-05-08T20:00:00+00:00,2025-05-11T00:00:00+00:00,9.876508381362354271218463060929357
C2,40,LONG,2025-05-11T04:00:00+00:00,2025-05-14T08:00:00+00:00,2.3910069192662178308860754313036
C2,40,LONG,2025-05-22T20:00:00+00:00,2025-05-26T00:00:00+00:00,-2.096712234500367096235884757587457
C2,40,SHORT,2025-06-13T04:00:00+00:00,2025-06-16T04:00:00+00:00,-8.417995324445332628505893636077561
C2,40,SHORT,2025-06-19T16:00:00+00:00,2025-06-22T16:00:00+00:00,9.340935921286148400040832292351829
C2,40,SHORT,2025-06-22T20:00:00+00:00,2025-06-23T20:00:00+00:00,-9.240167565797287132775020603827094
C2,40,LONG,2025-07-10T00:00:00+00:00,2025-07-13T04:00:00+00:00,1.735899991843946516540768775578059
C2,40,LONG,2025-07-14T08:00:00+00:00,2025-07-15T04:00:00+00:00,-5.703209075024762877779595636286813
C2,40,LONG,2025-07-16T16:00:00+00:00,2025-07-19T20:00:00+00:00,4.211339203053623692010860028029583
C2,40,LONG,2025-07-20T20:00:00+00:00,2025-07-22T04:00:00+00:00,9.063618575412227937471141325358425
C2,40,LONG,2025-07-22T08:00:00+00:00,2025-07-24T00:00:00+00:00,-5.286366744467499812187058814539846
C2,40,LONG,2025-08-08T12:00:00+00:00,2025-08-11T16:00:00+00:00,0.542899482082900426951346494531732
C2,40,LONG,2025-08-12T20:00:00+00:00,2025-08-14T16:00:00+00:00,1.320190444922451862941911101879135
C2,40,LONG,2025-08-23T12:00:00+00:00,2025-08-26T00:00:00+00:00,-8.289445291900296029884658885712946
C2,40,LONG,2025-08-27T12:00:00+00:00,2025-08-30T16:00:00+00:00,-2.80532634367948074917275800233045
C2,40,LONG,2025-09-09T04:00:00+00:00,2025-09-12T04:00:00+00:00,8.560825906673023387252015323943618
C2,40,LONG,2025-09-12T08:00:00+00:00,2025-09-15T08:00:00+00:00,-0.6256638378811260392928870157235138
C2,40,LONG,2025-09-18T04:00:00+00:00,2025-09-21T08:00:00+00:00,-3.656850423024387778942455718408835
C2,40,LONG,2025-10-03T08:00:00+00:00,2025-10-06T12:00:00+00:00,0.6534560756515835102661922129796618
C2,40,LONG,2025-10-06T20:00:00+00:00,2025-10-07T16:00:00+00:00,-5.774298581575079028521756314185428
C2,40,SHORT,2025-10-17T00:00:00+00:00,2025-10-20T04:00:00+00:00,-4.300118424275543862808062157112352
C2,40,SHORT,2025-10-31T04:00:00+00:00,2025-11-03T08:00:00+00:00,3.755083739591714287126055949495487
C2,40,SHORT,2025-11-03T16:00:00+00:00,2025-11-06T20:00:00+00:00,5.06297883330444460461448966619958
C2,40,SHORT,2025-11-13T20:00:00+00:00,2025-11-17T00:00:00+00:00,2.996838069022947214876422869518176
C2,40,SHORT,2025-11-17T20:00:00+00:00,2025-11-18T16:00:00+00:00,-8.663222232934087781431218618103991
C2,40,SHORT,2025-11-22T12:00:00+00:00,2025-11-25T00:00:00+00:00,-10.22684628681890326367919500791488
C2,40,SHORT,2025-12-01T12:00:00+00:00,2025-12-02T16:00:00+00:00,-9.370064710178072675663258746069737
C2,40,SHORT,2025-12-07T00:00:00+00:00,2025-12-08T12:00:00+00:00,-5.578020022889969175329049836439277
C3,10,SHORT,2022-02-12T16:00:00+00:00,2022-02-15T20:00:00+00:00,-7.245386668261471622884438301877022
C3,10,SHORT,2022-02-19T00:00:00+00:00,2022-02-22T04:00:00+00:00,8.923542061916975252813595790314086
C3,10,LONG,2022-03-25T00:00:00+00:00,2022-03-28T04:00:00+00:00,4.103472319377123279172489271346196
C3,10,LONG,2022-03-28T08:00:00+00:00,2022-03-30T16:00:00+00:00,12.43984903225330449255080756916379
C3,10,LONG,2022-03-30T20:00:00+00:00,2022-04-03T00:00:00+00:00,8.978932620641752511215122105657293
C3,10,SHORT,2022-05-01T00:00:00+00:00,2022-05-01T20:00:00+00:00,-4.340965611810859646234180915207377
C3,10,SHORT,2022-05-08T00:00:00+00:00,2022-05-09T20:00:00+00:00,17.04613010982466408523569573496985
C3,10,SHORT,2022-05-26T08:00:00+00:00,2022-05-26T20:00:00+00:00,4.744188244517957643716439262342462
C3,10,SHORT,2022-06-03T08:00:00+00:00,2022-06-06T04:00:00+00:00,-3.855216818189436320821012613856958
C3,10,SHORT,2022-07-12T00:00:00+00:00,2022-07-14T20:00:00+00:00,-9.129344678538897471054187974334347
C3,10,LONG,2022-07-18T08:00:00+00:00,2022-07-21T00:00:00+00:00,-0.5035078832301635200934108885767547
C3,10,LONG,2022-07-28T20:00:00+00:00,2022-08-01T00:00:00+00:00,0.1482442239795750586358521019190096
C3,10,LONG,2022-08-08T08:00:00+00:00,2022-08-09T16:00:00+00:00,-6.300001147146107666304686539953765
C3,10,LONG,2022-08-11T04:00:00+00:00,2022-08-14T08:00:00+00:00,8.594985417924847145896799418873362
C3,10,LONG,2022-08-14T12:00:00+00:00,2022-08-15T12:00:00+00:00,-6.472115768952863668992006963012543
C3,10,SHORT,2022-08-20T20:00:00+00:00,2022-08-24T00:00:00+00:00,-3.973956510752359796941397826008118
C3,10,SHORT,2022-08-27T16:00:00+00:00,2022-08-30T20:00:00+00:00,-0.9690788102733901312037178495382454
C3,10,LONG,2022-11-04T16:00:00+00:00,2022-11-05T16:00:00+00:00,12.12978632026489263194027525462079
C3,10,LONG,2022-11-05T20:00:00+00:00,2022-11-06T20:00:00+00:00,-8.008261298408408630949090724874982
C3,10,SHORT,2022-12-17T04:00:00+00:00,2022-12-20T08:00:00+00:00,-1.181921220445987180377785411887216
C3,10,SHORT,2022-12-28T12:00:00+00:00,2022-12-30T00:00:00+00:00,3.597463638325220457416886887312275
C3,10,LONG,2023-01-09T08:00:00+00:00,2023-01-12T12:00:00+00:00,-2.024195410630822127557775763530024
C3,10,LONG,2023-01-14T00:00:00+00:00,2023-01-14T04:00:00+00:00,19.59010143752068359526794186155034
C3,10,LONG,2023-02-16T00:00:00+00:00,2023-02-17T04:00:00+00:00,-5.32295604252077274066972681506827
C3,10,LONG,2023-02-19T12:00:00+00:00,2023-02-20T08:00:00+00:00,11.51642162770181003695942909280776
C3,10,LONG,2023-02-20T12:00:00+00:00,2023-02-22T04:00:00+00:00,-7.536463567431048430794749999011837
C3,10,SHORT,2023-03-09T00:00:00+00:00,2023-03-11T04:00:00+00:00,0.8889882598202867123938538306810308
C3,10,LONG,2023-04-12T04:00:00+00:00,2023-04-14T04:00:00+00:00,10.86640837906877946809997884466415
C3,10,LONG,2023-04-14T08:00:00+00:00,2023-04-17T12:00:00+00:00,-0.2770194779078357725209379449363316
C3,10,LONG,2023-04-29T12:00:00+00:00,2023-05-01T04:00:00+00:00,-4.967538257643765875953978338266321
C3,10,LONG,2023-06-05T00:00:00+00:00,2023-06-05T16:00:00+00:00,-8.883776766609960365208967577015801
C3,10,SHORT,2023-06-07T16:00:00+00:00,2023-06-10T04:00:00+00:00,15.38083966879531360357169666567662
C3,10,LONG,2023-07-08T00:00:00+00:00,2023-07-11T04:00:00+00:00,0.8617833543785653596620501123757476
C3,10,LONG,2023-07-11T16:00:00+00:00,2023-07-13T16:00:00+00:00,8.230639657298647542690904426987927
C3,10,LONG,2023-07-13T20:00:00+00:00,2023-07-14T04:00:00+00:00,8.629194317349759103507819795448693
C3,10,LONG,2023-07-28T16:00:00+00:00,2023-07-31T00:00:00+00:00,-4.141911906642704297016624060517517
C3,10,LONG,2023-08-09T04:00:00+00:00,2023-08-12T08:00:00+00:00,0.6930226776188924907687149968302185
C3,10,LONG,2023-08-13T00:00:00+00:00,2023-08-14T04:00:00+00:00,-2.387804854300297838870748576229998
C3,10,LONG,2023-08-15T00:00:00+00:00,2023-08-15T20:00:00+00:00,-4.746625095570216870983322356922489
C3,10,SHORT,2023-08-18T16:00:00+00:00,2023-08-21T20:00:00+00:00,1.213422125421723216434379043301264
C3,10,LONG,2023-10-01T08:00:00+00:00,2023-10-01T12:00:00+00:00,7.205136151433623513164996227482027
C3,10,LONG,2023-10-01T16:00:00+00:00,2023-10-02T20:00:00+00:00,2.970718852803954167350511489285069
C3,10,LONG,2023-10-03T16:00:00+00:00,2023-10-06T20:00:00+00:00,-2.726033594294507739126234361306439
C3,10,LONG,2023-10-16T08:00:00+00:00,2023-10-16T16:00:00+00:00,1.262203423137772517313257887390637
C3,10,LONG,2023-10-16T20:00:00+00:00,2023-10-20T00:00:00+00:00,4.242248477065284420677439882860014
C3,10,LONG,2023-10-20T04:00:00+00:00,2023-10-21T08:00:00+00:00,9.013850195205523225125675242580793
C3,10,LONG,2023-10-21T12:00:00+00:00,2023-10-24T16:00:00+00:00,4.545247809354959554647438237314623
C3,10,LONG,2023-10-30T12:00:00+00:00,2023-11-01T12:00:00+00:00,11.99563036041382102555154933285706
C3,10,LONG,2023-11-01T16:00:00+00:00,2023-11-02T16:00:00+00:00,-1.649484448147917288620460010694872
C3,10,LONG,2023-11-08T04:00:00+00:00,2023-11-09T20:00:00+00:00,2.088114143664255538611412117778176
C3,10,LONG,2023-11-29T20:00:00+00:00,2023-12-03T00:00:00+00:00,5.73245683231055539069944128224223
C3,10,LONG,2023-12-03T04:00:00+00:00,2023-12-04T12:00:00+00:00,-3.351746799306022472321024567591995
C3,10,LONG,2023-12-06T20:00:00+00:00,2023-12-09T00:00:00+00:00,15.92562582815848476871968630997539
C3,10,LONG,2023-12-09T04:00:00+00:00,2023-12-11T04:00:00+00:00,-4.720212978385209139928916909957131
C3,10,LONG,2023-12-21T08:00:00+00:00,2023-12-23T20:00:00+00:00,18.18462226068522571973632820918157
C3,10,SHORT,2024-01-23T12:00:00+00:00,2024-01-24T12:00:00+00:00,-9.04997832754874668287593879262637
C3,10,LONG,2024-01-30T08:00:00+00:00,2024-02-01T00:00:00+00:00,-5.926571669610234041758125414665165
C3,10,LONG,2024-02-08T16:00:00+00:00,2024-02-11T20:00:00+00:00,3.181962066061162584720286891479387
C3,10,LONG,2024-02-13T04:00:00+00:00,2024-02-16T08:00:00+00:00,-1.564137960299071949965416512026551
C3,10,LONG,2024-02-27T04:00:00+00:00,2024-02-29T00:00:00+00:00,8.176295538431008218670379522869105
C3,10,LONG,2024-02-29T12:00:00+00:00,2024-03-03T16:00:00+00:00,-0.165973574320490787040724834727273
C3,10,LONG,2024-03-14T12:00:00+00:00,2024-03-14T20:00:00+00:00,-6.449382529284654178803334950561166
C3,10,LONG,2024-03-15T00:00:00+00:00,2024-03-18T04:00:00+00:00,14.84505482545160126405201913556581
C3,10,LONG,2024-03-25T08:00:00+00:00,2024-03-28T12:00:00+00:00,-0.3935685715534477317987048605321235
C3,10,LONG,2024-03-30T20:00:00+00:00,2024-04-02T04:00:00+00:00,-6.402729052769021269455708378761846
C3,10,SHORT,2024-04-27T04:00:00+00:00,2024-04-30T08:00:00+00:00,0.5824645917812654276747377428040061
C3,10,SHORT,2024-04-30T20:00:00+00:00,2024-05-01T20:00:00+00:00,-5.75912403423410002281211368070705
C3,10,LONG,2024-05-17T04:00:00+00:00,2024-05-20T08:00:00+00:00,9.366507145130082424340787248037881
C3,10,LONG,2024-05-20T12:00:00+00:00,2024-05-21T16:00:00+00:00,-0.7581322096836267303756243904945287
C3,10,LONG,2024-06-05T12:00:00+00:00,2024-06-07T20:00:00+00:00,-6.598753617062883914194614071317717
C3,10,SHORT,2024-07-05T00:00:00+00:00,2024-07-06T12:00:00+00:00,-8.77866593690950106804206881785409
C3,10,LONG,2024-07-16T08:00:00+00:00,2024-07-17T20:00:00+00:00,1.240760908942714456287309498709565
C3,10,LONG,2024-07-19T16:00:00+00:00,2024-07-22T20:00:00+00:00,8.074871327976776473544523404045619
C3,10,LONG,2024-07-26T16:00:00+00:00,2024-07-29T20:00:00+00:00,2.71687090741621188885019108184356
C3,10,SHORT,2024-08-30T04:00:00+00:00,2024-09-02T08:00:00+00:00,7.761955862818674518088720747671443
C3,10,LONG,2024-09-27T04:00:00+00:00,2024-09-30T08:00:00+00:00,0.4580234832632189857490448998473953
C3,10,LONG,2024-10-14T12:00:00+00:00,2024-10-15T20:00:00+00:00,0.998423693263429637279680327623396
C3,10,LONG,2024-10-16T00:00:00+00:00,2024-10-19T04:00:00+00:00,-0.3740624450175414067930309243862398
C3,10,LONG,2024-10-19T16:00:00+00:00,2024-10-21T04:00:00+00:00,8.069139255830395763229070438317699
C3,10,LONG,2024-10-21T08:00:00+00:00,2024-10-21T16:00:00+00:00,-2.275446464054977993297024624448777
C3,10,LONG,2024-10-23T20:00:00+00:00,2024-10-26T00:00:00+00:00,-4.973600461711073904196824472559225
C3,10,LONG,2024-11-06T08:00:00+00:00,2024-11-09T12:00:00+00:00,9.627013378534361969604839447566038
C3,10,LONG,2024-11-10T08:00:00+00:00,2024-11-12T16:00:00+00:00,2.369032465474282643569929563316008
C3,10,LONG,2024-11-17T16:00:00+00:00,2024-11-20T20:00:00+00:00,-0.8439162938968518686290699556196416
C3,10,LONG,2024-11-21T20:00:00+00:00,2024-11-25T00:00:00+00:00,-0.7648643308123944930138951664868138
C3,10,SHORT,2024-12-19T20:00:00+00:00,2024-12-23T00:00:00+00:00,5.516080861939511477862852945975673
C3,10,SHORT,2025-01-09T16:00:00+00:00,2025-01-12T20:00:00+00:00,1.441518072649364223312984593715511
C3,10,LONG,2025-01-18T16:00:00+00:00,2025-01-20T00:00:00+00:00,-2.253183470103330055965623728330782
C3,10,SHORT,2025-02-07T00:00:00+00:00,2025-02-10T04:00:00+00:00,-6.85595740084969811561117854021956
C3,10,SHORT,2025-02-17T20:00:00+00:00,2025-02-21T00:00:00+00:00,0.2666338483882206920236411689264989
C3,10,SHORT,2025-02-25T00:00:00+00:00,2025-02-28T04:00:00+00:00,9.741633438393434225224227947848032
C3,10,SHORT,2025-03-29T08:00:00+00:00,2025-04-01T12:00:00+00:00,-1.283118950032344417087759075224039
C3,10,LONG,2025-04-19T12:00:00+00:00,2025-04-22T16:00:00+00:00,4.423242262458414553673134232961386
C3,10,LONG,2025-04-22T20:00:00+00:00,2025-04-26T00:00:00+00:00,4.199212214665439941739992092048949
C3,10,LONG,2025-05-08T20:00:00+00:00,2025-05-11T00:00:00+00:00,10.50866653913754208528839819063095
C3,10,LONG,2025-05-11T04:00:00+00:00,2025-05-14T08:00:00+00:00,3.000618385890513667726093730795478
C3,10,LONG,2025-05-22T20:00:00+00:00,2025-05-26T00:00:00+00:00,-1.500617994242838081465510916495853
C3,10,SHORT,2025-06-14T08:00:00+00:00,2025-06-16T04:00:00+00:00,-6.757241582080700479616540994596282
C3,10,LONG,2025-07-10T00:00:00+00:00,2025-07-13T04:00:00+00:00,2.343538244831428283156855428516548
C3,10,LONG,2025-07-14T08:00:00+00:00,2025-07-15T04:00:00+00:00,-5.117977777057969994881341406275629
C3,10,LONG,2025-07-16T16:00:00+00:00,2025-07-19T20:00:00+00:00,4.826433598243544245300049365463407
C3,10,LONG,2025-07-20T20:00:00+00:00,2025-07-22T04:00:00+00:00,9.693328269916481636077982112482999
C3,10,LONG,2025-07-22T08:00:00+00:00,2025-07-24T00:00:00+00:00,-4.699879897312281438127381280848701
C3,10,LONG,2025-08-08T12:00:00+00:00,2025-08-11T16:00:00+00:00,1.146944360040981452333730068310442
C3,10,LONG,2025-08-12T20:00:00+00:00,2025-08-14T16:00:00+00:00,1.92657656072041105530016987025829
C3,10,LONG,2025-08-23T12:00:00+00:00,2025-08-26T00:00:00+00:00,-7.712003862056622222745757255850635
C3,10,LONG,2025-08-27T12:00:00+00:00,2025-08-30T16:00:00+00:00,-2.211366483268876775525687996313373
C3,10,LONG,2025-09-09T04:00:00+00:00,2025-09-12T04:00:00+00:00,9.189021165428062614322051514678388
C3,10,LONG,2025-09-12T08:00:00+00:00,2025-09-15T08:00:00+00:00,-0.0251387289590812382064198079395485
C3,10,LONG,2025-09-18T04:00:00+00:00,2025-09-21T08:00:00+00:00,-3.065455394178075693939270344066693
C3,10,LONG,2025-10-03T08:00:00+00:00,2025-10-06T12:00:00+00:00,1.257833955397522014815186767838034
C3,10,LONG,2025-10-06T20:00:00+00:00,2025-10-07T16:00:00+00:00,-5.189281408628016013547424254890806
C3,10,SHORT,2025-11-04T08:00:00+00:00,2025-11-07T12:00:00+00:00,1.757463197840958695908463786033144
C3,10,SHORT,2025-11-13T20:00:00+00:00,2025-11-17T00:00:00+00:00,3.585492935350567890529182562139138
C3,20,SHORT,2022-02-12T16:00:00+00:00,2022-02-15T20:00:00+00:00,-7.452425016581413152977229948532244
C3,20,SHORT,2022-02-19T00:00:00+00:00,2022-02-22T04:00:00+00:00,8.732656489551257945373849132761952
C3,20,LONG,2022-03-25T00:00:00+00:00,2022-03-28T04:00:00+00:00,3.899164539277646679293437730534037
C3,20,LONG,2022-03-28T08:00:00+00:00,2022-03-30T16:00:00+00:00,12.22719653071951740096667262665212
C3,20,LONG,2022-03-30T20:00:00+00:00,2022-04-03T00:00:00+00:00,8.769744499900369375568260121567546
C3,20,SHORT,2022-05-01T00:00:00+00:00,2022-05-01T20:00:00+00:00,-4.545102440593887478048600676361431
C3,20,SHORT,2022-05-08T00:00:00+00:00,2022-05-09T20:00:00+00:00,16.86335901103328013327289423220758
C3,20,SHORT,2022-05-26T08:00:00+00:00,2022-05-26T20:00:00+00:00,4.549127493513480078924947193673473
C3,20,SHORT,2022-06-03T08:00:00+00:00,2022-06-06T04:00:00+00:00,-4.058868383442372820642012626458213
C3,20,SHORT,2022-07-12T00:00:00+00:00,2022-07-14T20:00:00+00:00,-9.338265102793182083912383966316699
C3,20,LONG,2022-07-18T08:00:00+00:00,2022-07-21T00:00:00+00:00,-0.7032040715352384314847087755751764
C3,20,LONG,2022-07-28T20:00:00+00:00,2022-08-01T00:00:00+00:00,-0.0521043688372213127942138161009293
C3,20,LONG,2022-08-08T08:00:00+00:00,2022-08-09T16:00:00+00:00,-6.493895039891707158130207374248105
C3,20,LONG,2022-08-11T04:00:00+00:00,2022-08-14T08:00:00+00:00,8.386181628717715166771777597633248
C3,20,LONG,2022-08-14T12:00:00+00:00,2022-08-15T12:00:00+00:00,-6.66583737478974768934336631540192
C3,20,SHORT,2022-08-20T20:00:00+00:00,2022-08-24T00:00:00+00:00,-4.177726697076787728806474147512621
C3,20,SHORT,2022-08-27T16:00:00+00:00,2022-08-30T20:00:00+00:00,-1.169847120773163747718406878358963
C3,20,LONG,2022-11-04T16:00:00+00:00,2022-11-05T16:00:00+00:00,11.91744419181617902570209680091246
C3,20,LONG,2022-11-05T20:00:00+00:00,2022-11-06T20:00:00+00:00,-8.200445221032624438125317861286518
C3,20,SHORT,2022-12-17T04:00:00+00:00,2022-12-20T08:00:00+00:00,-1.382902160726153001736804178532458
C3,20,SHORT,2022-12-28T12:00:00+00:00,2022-12-30T00:00:00+00:00,3.401257308293577321010709951135764
C3,20,LONG,2023-01-09T08:00:00+00:00,2023-01-12T12:00:00+00:00,-2.222369389198759242545205417420385
C3,20,LONG,2023-01-14T00:00:00+00:00,2023-01-14T04:00:00+00:00,19.37029152617181404211952550333057
C3,20,LONG,2023-02-16T00:00:00+00:00,2023-02-17T04:00:00+00:00,-5.51782795839412532050889625769583
C3,20,LONG,2023-02-19T12:00:00+00:00,2023-02-20T08:00:00+00:00,11.30469347792433074763314337800015
C3,20,LONG,2023-02-20T12:00:00+00:00,2023-02-22T04:00:00+00:00,-7.729119760056242576509670169182997
C3,20,SHORT,2023-03-09T00:00:00+00:00,2023-03-11T04:00:00+00:00,0.6900761601797475382803611771652277
C3,20,LONG,2023-04-12T04:00:00+00:00,2023-04-14T04:00:00+00:00,10.65533089320384575491869758455938
C3,20,LONG,2023-04-14T08:00:00+00:00,2023-04-17T12:00:00+00:00,-0.4769423813333534544303263954419008
C3,20,LONG,2023-04-29T12:00:00+00:00,2023-05-01T04:00:00+00:00,-5.162765947075553898100170552141931
C3,20,LONG,2023-06-05T00:00:00+00:00,2023-06-05T16:00:00+00:00,-9.07508429737411455903758722909086
C3,20,SHORT,2023-06-07T16:00:00+00:00,2023-06-10T04:00:00+00:00,15.19640494318971451626257748152644
C3,20,LONG,2023-07-08T00:00:00+00:00,2023-07-11T04:00:00+00:00,0.6607205081779862151578838960470432
C3,20,LONG,2023-07-11T16:00:00+00:00,2023-07-13T16:00:00+00:00,8.022200578562612860465988606740692
C3,20,LONG,2023-07-13T20:00:00+00:00,2023-07-14T04:00:00+00:00,8.420356285000059644945749905763559
C3,20,LONG,2023-07-28T16:00:00+00:00,2023-07-31T00:00:00+00:00,-4.33796604887829718560819901140789
C3,20,LONG,2023-08-09T04:00:00+00:00,2023-08-12T08:00:00+00:00,0.4921287610246793851723499167533114
C3,20,LONG,2023-08-13T00:00:00+00:00,2023-08-14T04:00:00+00:00,-2.585614859451148391584591670748287
C3,20,LONG,2023-08-15T00:00:00+00:00,2023-08-15T20:00:00+00:00,-4.942073919298374812053409121329974
C3,20,SHORT,2023-08-18T16:00:00+00:00,2023-08-21T20:00:00+00:00,1.014834135537029633234013787600266
C3,20,LONG,2023-10-01T08:00:00+00:00,2023-10-01T12:00:00+00:00,6.997723602733489755894560795822886
C3,20,LONG,2023-10-01T16:00:00+00:00,2023-10-02T20:00:00+00:00,2.767544960058404663679489956262761
C3,20,LONG,2023-10-03T16:00:00+00:00,2023-10-06T20:00:00+00:00,-2.923505032138056780428410302886713
C3,20,LONG,2023-10-16T08:00:00+00:00,2023-10-16T16:00:00+00:00,1.06073975604754451679542679841427
C3,20,LONG,2023-10-16T20:00:00+00:00,2023-10-20T00:00:00+00:00,4.037801781893046898734819822917211
C3,20,LONG,2023-10-20T04:00:00+00:00,2023-10-21T08:00:00+00:00,8.804627121937049227903327219314947
C3,20,LONG,2023-10-21T12:00:00+00:00,2023-10-24T16:00:00+00:00,4.340497811547797432971114475315309
C3,20,LONG,2023-10-30T12:00:00+00:00,2023-11-01T12:00:00+00:00,11.78342252221520859209253877296431
C3,20,LONG,2023-11-01T16:00:00+00:00,2023-11-02T16:00:00+00:00,-1.848033512764385839883102192866348
C3,20,LONG,2023-11-08T04:00:00+00:00,2023-11-09T20:00:00+00:00,1.88582373911604307060479408763025
C3,20,LONG,2023-11-29T20:00:00+00:00,2023-12-03T00:00:00+00:00,5.52651843708301729721525765733508
C3,20,LONG,2023-12-03T04:00:00+00:00,2023-12-04T12:00:00+00:00,-3.548591897605015442819201720176988
C3,20,LONG,2023-12-06T20:00:00+00:00,2023-12-09T00:00:00+00:00,15.70948406056273052971195889625169
C3,20,LONG,2023-12-09T04:00:00+00:00,2023-12-11T04:00:00+00:00,-4.915688240669107829478537613750967
C3,20,LONG,2023-12-21T08:00:00+00:00,2023-12-23T20:00:00+00:00,17.9662192353992545228196752279912
C3,20,SHORT,2024-01-23T12:00:00+00:00,2024-01-24T12:00:00+00:00,-9.258819464739105071170520150061561
C3,20,LONG,2024-01-30T08:00:00+00:00,2024-02-01T00:00:00+00:00,-6.120839365636650223898507671507342
C3,20,LONG,2024-02-08T16:00:00+00:00,2024-02-11T20:00:00+00:00,2.978576718647687947498344662358787
C3,20,LONG,2024-02-13T04:00:00+00:00,2024-02-16T08:00:00+00:00,-1.762772456835309115180666345347846
C3,20,LONG,2024-02-27T04:00:00+00:00,2024-02-29T00:00:00+00:00,7.967910858212358560793832596419786
C3,20,LONG,2024-02-29T12:00:00+00:00,2024-03-03T16:00:00+00:00,-0.3660076348066564619285719570148333
C3,20,LONG,2024-03-14T12:00:00+00:00,2024-03-14T20:00:00+00:00,-6.643126891117202072518246527187231
C3,20,LONG,2024-03-15T00:00:00+00:00,2024-03-18T04:00:00+00:00,14.62999471051120927079470980710178
C3,20,LONG,2024-03-25T08:00:00+00:00,2024-03-28T12:00:00+00:00,-0.5933748092195603967318392901011604
C3,20,LONG,2024-03-30T20:00:00+00:00,2024-04-02T04:00:00+00:00,-6.596520114778261488405202164168491
C3,20,SHORT,2024-04-27T04:00:00+00:00,2024-04-30T08:00:00+00:00,0.383246274690137820709377840449165
C3,20,SHORT,2024-04-30T20:00:00+00:00,2024-05-01T20:00:00+00:00,-5.964677604697870352505232675393071
C3,20,LONG,2024-05-17T04:00:00+00:00,2024-05-20T08:00:00+00:00,9.156931061901723983475581254796602
C3,20,LONG,2024-05-20T12:00:00+00:00,2024-05-21T16:00:00+00:00,-0.9575735187830425194343074491627024
C3,20,LONG,2024-06-05T12:00:00+00:00,2024-06-07T20:00:00+00:00,-6.792348458287045191557782625800883
C3,20,SHORT,2024-07-05T00:00:00+00:00,2024-07-06T12:00:00+00:00,-8.987236032750569500677475480009789
C3,20,LONG,2024-07-16T08:00:00+00:00,2024-07-17T20:00:00+00:00,1.039318705830659687061796676388535
C3,20,LONG,2024-07-19T16:00:00+00:00,2024-07-22T20:00:00+00:00,7.866588173494317237835269626864392
C3,20,LONG,2024-07-26T16:00:00+00:00,2024-07-29T20:00:00+00:00,2.513951116718097562635125825505379
C3,20,SHORT,2024-08-30T04:00:00+00:00,2024-09-02T08:00:00+00:00,7.5699098646796322348900081809858
C3,20,LONG,2024-09-27T04:00:00+00:00,2024-09-30T08:00:00+00:00,0.2573648010977903381156624725202207
C3,20,LONG,2024-10-14T12:00:00+00:00,2024-10-15T20:00:00+00:00,0.797224069946849627632753720688838
C3,20,LONG,2024-10-16T00:00:00+00:00,2024-10-19T04:00:00+00:00,-0.5738882083358421661455904529904578
C3,20,LONG,2024-10-19T16:00:00+00:00,2024-10-21T04:00:00+00:00,7.860861839157892864567179476917981
C3,20,LONG,2024-10-21T08:00:00+00:00,2024-10-21T16:00:00+00:00,-2.473368940066934972282713288488368
C3,20,LONG,2024-10-23T20:00:00+00:00,2024-10-26T00:00:00+00:00,-5.168822082870522278667097921535642
C3,20,LONG,2024-11-06T08:00:00+00:00,2024-11-09T12:00:00+00:00,9.417176528305598844510139908579486
C3,20,LONG,2024-11-10T08:00:00+00:00,2024-11-12T16:00:00+00:00,2.166460861404738817099889593783159
C3,20,LONG,2024-11-17T16:00:00+00:00,2024-11-20T20:00:00+00:00,-1.043271733042100265156968784492895
C3,20,LONG,2024-11-21T20:00:00+00:00,2024-11-25T00:00:00+00:00,-0.9642989010518215255534207969507909
C3,20,SHORT,2024-12-19T20:00:00+00:00,2024-12-23T00:00:00+00:00,5.321791232430959541277301350517108
C3,20,SHORT,2025-01-09T16:00:00+00:00,2025-01-12T20:00:00+00:00,1.243157950843819132626983579323619
C3,20,LONG,2025-01-18T16:00:00+00:00,2025-01-20T00:00:00+00:00,-2.451128231394517913767459940814936
C3,20,SHORT,2025-02-07T00:00:00+00:00,2025-02-10T04:00:00+00:00,-7.062606708942455056785615282017981
C3,20,SHORT,2025-02-17T20:00:00+00:00,2025-02-21T00:00:00+00:00,0.0671000160689282052024859652990529
C3,20,SHORT,2025-02-25T00:00:00+00:00,2025-02-28T04:00:00+00:00,9.551565140130091002672004399344383
C3,20,SHORT,2025-03-29T08:00:00+00:00,2025-04-01T12:00:00+00:00,-1.484200986945463642279654938436051
C3,20,LONG,2025-04-19T12:00:00+00:00,2025-04-22T16:00:00+00:00,4.218614392325823548113901866361825
C3,20,LONG,2025-04-22T20:00:00+00:00,2025-04-26T00:00:00+00:00,3.994808598834944005862374482347199
C3,20,LONG,2025-05-08T20:00:00+00:00,2025-05-11T00:00:00+00:00,10.29794715321247948059841981406375
C3,20,LONG,2025-05-11T04:00:00+00:00,2025-05-14T08:00:00+00:00,2.797414563682415055446087630964852
C3,20,LONG,2025-05-22T20:00:00+00:00,2025-05-26T00:00:00+00:00,-1.699316074328681086388968863526387
C3,20,SHORT,2025-06-14T08:00:00+00:00,2025-06-16T04:00:00+00:00,-6.963792272971889990585188887697777
C3,20,LONG,2025-07-10T00:00:00+00:00,2025-07-13T04:00:00+00:00,2.140992160502267694284826544203718
C3,20,LONG,2025-07-14T08:00:00+00:00,2025-07-15T04:00:00+00:00,-5.313054876380234289180759482946024
C3,20,LONG,2025-07-16T16:00:00+00:00,2025-07-19T20:00:00+00:00,4.621402133180237394203652919652133
C3,20,LONG,2025-07-20T20:00:00+00:00,2025-07-22T04:00:00+00:00,9.483425038415063736542368516774808
C3,20,LONG,2025-07-22T08:00:00+00:00,2025-07-24T00:00:00+00:00,-4.89537551303068756281394045874575
C3,20,LONG,2025-08-08T12:00:00+00:00,2025-08-11T16:00:00+00:00,0.945596067388287777206268877050872
C3,20,LONG,2025-08-12T20:00:00+00:00,2025-08-14T16:00:00+00:00,1.724447855454424657847416947465238
C3,20,LONG,2025-08-23T12:00:00+00:00,2025-08-26T00:00:00+00:00,-7.904484338671180158458724465804739
C3,20,LONG,2025-08-27T12:00:00+00:00,2025-08-30T16:00:00+00:00,-2.409353103405744766741377998319066
C3,20,LONG,2025-09-09T04:00:00+00:00,2025-09-12T04:00:00+00:00,8.979622745843049538632039451100132
C3,20,LONG,2025-09-12T08:00:00+00:00,2025-09-15T08:00:00+00:00,-0.2253137652664295052352422105342036
C3,20,LONG,2025-09-18T04:00:00+00:00,2025-09-21T08:00:00+00:00,-3.262587070460179722273665468847407
C3,20,LONG,2025-10-03T08:00:00+00:00,2025-10-06T12:00:00+00:00,1.056374662148875846632188582885243
C3,20,LONG,2025-10-06T20:00:00+00:00,2025-10-07T16:00:00+00:00,-5.384287132943703685205534941322346
C3,20,SHORT,2025-11-04T08:00:00+00:00,2025-11-07T12:00:00+00:00,1.559418705531109503796484229375835
C3,20,SHORT,2025-11-13T20:00:00+00:00,2025-11-17T00:00:00+00:00,3.389274646574694331978262664598817
C3,30,SHORT,2022-02-12T16:00:00+00:00,2022-02-15T20:00:00+00:00,-7.659463364901354683070021595187465
C3,30,SHORT,2022-02-19T00:00:00+00:00,2022-02-22T04:00:00+00:00,8.541770917185540637934102475209819
C3,30,LONG,2022-03-25T00:00:00+00:00,2022-03-28T04:00:00+00:00,3.694856759178170079414386189721879
C3,30,LONG,2022-03-28T08:00:00+00:00,2022-03-30T16:00:00+00:00,12.01454402918573030938253768414044
C3,30,LONG,2022-03-30T20:00:00+00:00,2022-04-03T00:00:00+00:00,8.560556379158986239921398137477799
C3,30,SHORT,2022-05-01T00:00:00+00:00,2022-05-01T20:00:00+00:00,-4.749239269376915309863020437515484
C3,30,SHORT,2022-05-08T00:00:00+00:00,2022-05-09T20:00:00+00:00,16.68058791224189618131009272944532
C3,30,SHORT,2022-05-26T08:00:00+00:00,2022-05-26T20:00:00+00:00,4.354066742509002514133455125004484
C3,30,SHORT,2022-06-03T08:00:00+00:00,2022-06-06T04:00:00+00:00,-4.262519948695309320463012639059469
C3,30,SHORT,2022-07-12T00:00:00+00:00,2022-07-14T20:00:00+00:00,-9.547185527047466696770579958299051
C3,30,LONG,2022-07-18T08:00:00+00:00,2022-07-21T00:00:00+00:00,-0.902900259840313342876006662573598
C3,30,LONG,2022-07-28T20:00:00+00:00,2022-08-01T00:00:00+00:00,-0.2524529616540176842242797341208682
C3,30,LONG,2022-08-08T08:00:00+00:00,2022-08-09T16:00:00+00:00,-6.687788932637306649955728208542446
C3,30,LONG,2022-08-11T04:00:00+00:00,2022-08-14T08:00:00+00:00,8.177377839510583187646755776393134
C3,30,LONG,2022-08-14T12:00:00+00:00,2022-08-15T12:00:00+00:00,-6.859558980626631709694725667791296
C3,30,SHORT,2022-08-20T20:00:00+00:00,2022-08-24T00:00:00+00:00,-4.381496883401215660671550469017125
C3,30,SHORT,2022-08-27T16:00:00+00:00,2022-08-30T20:00:00+00:00,-1.37061543127293736423309590717968
C3,30,LONG,2022-11-04T16:00:00+00:00,2022-11-05T16:00:00+00:00,11.70510206336746541946391834720413
C3,30,LONG,2022-11-05T20:00:00+00:00,2022-11-06T20:00:00+00:00,-8.392629143656840245301544997698055
C3,30,SHORT,2022-12-17T04:00:00+00:00,2022-12-20T08:00:00+00:00,-1.5838831010063188230958229451777
C3,30,SHORT,2022-12-28T12:00:00+00:00,2022-12-30T00:00:00+00:00,3.205050978261934184604533014959252
C3,30,LONG,2023-01-09T08:00:00+00:00,2023-01-12T12:00:00+00:00,-2.420543367766696357532635071310745
C3,30,LONG,2023-01-14T00:00:00+00:00,2023-01-14T04:00:00+00:00,19.1504816148229444889711091451108
C3,30,LONG,2023-02-16T00:00:00+00:00,2023-02-17T04:00:00+00:00,-5.712699874267477900348065700323389
C3,30,LONG,2023-02-19T12:00:00+00:00,2023-02-20T08:00:00+00:00,11.09296532814685145830685766319253
C3,30,LONG,2023-02-20T12:00:00+00:00,2023-02-22T04:00:00+00:00,-7.921775952681436722224590339354156
C3,30,SHORT,2023-03-09T00:00:00+00:00,2023-03-11T04:00:00+00:00,0.4911640605392083641668685236494245
C3,30,LONG,2023-04-12T04:00:00+00:00,2023-04-14T04:00:00+00:00,10.44425340733891204173741632445461
C3,30,LONG,2023-04-14T08:00:00+00:00,2023-04-17T12:00:00+00:00,-0.67686528475887113633971484594747
C3,30,LONG,2023-04-29T12:00:00+00:00,2023-05-01T04:00:00+00:00,-5.35799363650734192024636276601754
C3,30,LONG,2023-06-05T00:00:00+00:00,2023-06-05T16:00:00+00:00,-9.26639182813826875286620688116592
C3,30,SHORT,2023-06-07T16:00:00+00:00,2023-06-10T04:00:00+00:00,15.01197021758411542895345829737627
C3,30,LONG,2023-07-08T00:00:00+00:00,2023-07-11T04:00:00+00:00,0.4596576619774070706537176797183388
C3,30,LONG,2023-07-11T16:00:00+00:00,2023-07-13T16:00:00+00:00,7.813761499826578178241072786493456
C3,30,LONG,2023-07-13T20:00:00+00:00,2023-07-14T04:00:00+00:00,8.211518252650360186383680016078426
C3,30,LONG,2023-07-28T16:00:00+00:00,2023-07-31T00:00:00+00:00,-4.534020191113890074199773962298263
C3,30,LONG,2023-08-09T04:00:00+00:00,2023-08-12T08:00:00+00:00,0.2912348444304662795759848366764043
C3,30,LONG,2023-08-13T00:00:00+00:00,2023-08-14T04:00:00+00:00,-2.783424864601998944298434765266575
C3,30,LONG,2023-08-15T00:00:00+00:00,2023-08-15T20:00:00+00:00,-5.137522743026532753123495885737459
C3,30,SHORT,2023-08-18T16:00:00+00:00,2023-08-21T20:00:00+00:00,0.8162461456523360500336485318992688
C3,30,LONG,2023-10-01T08:00:00+00:00,2023-10-01T12:00:00+00:00,6.790311054033355998624125364163744
C3,30,LONG,2023-10-01T16:00:00+00:00,2023-10-02T20:00:00+00:00,2.564371067312855160008468423240454
C3,30,LONG,2023-10-03T16:00:00+00:00,2023-10-06T20:00:00+00:00,-3.120976469981605821730586244466986
C3,30,LONG,2023-10-16T08:00:00+00:00,2023-10-16T16:00:00+00:00,0.859276088957316516277595709437903
C3,30,LONG,2023-10-16T20:00:00+00:00,2023-10-20T00:00:00+00:00,3.833355086720809376792199762974409
C3,30,LONG,2023-10-20T04:00:00+00:00,2023-10-21T08:00:00+00:00,8.5954040486685752306809791960491
C3,30,LONG,2023-10-21T12:00:00+00:00,2023-10-24T16:00:00+00:00,4.135747813740635311294790713315995
C3,30,LONG,2023-10-30T12:00:00+00:00,2023-11-01T12:00:00+00:00,11.57121468401659615863352821307156
C3,30,LONG,2023-11-01T16:00:00+00:00,2023-11-02T16:00:00+00:00,-2.046582577380854391145744375037825
C3,30,LONG,2023-11-08T04:00:00+00:00,2023-11-09T20:00:00+00:00,1.683533334567830602598176057482324
C3,30,LONG,2023-11-29T20:00:00+00:00,2023-12-03T00:00:00+00:00,5.320580041855479203731074032427931
C3,30,LONG,2023-12-03T04:00:00+00:00,2023-12-04T12:00:00+00:00,-3.745436995904008413317378872761981
C3,30,LONG,2023-12-06T20:00:00+00:00,2023-12-09T00:00:00+00:00,15.49334229296697629070423148252799
C3,30,LONG,2023-12-09T04:00:00+00:00,2023-12-11T04:00:00+00:00,-5.111163502953006519028158317544804
C3,30,LONG,2023-12-21T08:00:00+00:00,2023-12-23T20:00:00+00:00,17.74781621011328332590302224680082
C3,30,SHORT,2024-01-23T12:00:00+00:00,2024-01-24T12:00:00+00:00,-9.467660601929463459465101507496753
C3,30,LONG,2024-01-30T08:00:00+00:00,2024-02-01T00:00:00+00:00,-6.315107061663066406038889928349519
C3,30,LONG,2024-02-08T16:00:00+00:00,2024-02-11T20:00:00+00:00,2.775191371234213310276402433238187
C3,30,LONG,2024-02-13T04:00:00+00:00,2024-02-16T08:00:00+00:00,-1.96140695337154628039591617866914
C3,30,LONG,2024-02-27T04:00:00+00:00,2024-02-29T00:00:00+00:00,7.759526177993708902917285669970468
C3,30,LONG,2024-02-29T12:00:00+00:00,2024-03-03T16:00:00+00:00,-0.5660416952928221368164190793023936
C3,30,LONG,2024-03-14T12:00:00+00:00,2024-03-14T20:00:00+00:00,-6.836871252949749966233158103813296
C3,30,LONG,2024-03-15T00:00:00+00:00,2024-03-18T04:00:00+00:00,14.41493459557081727753740047863775
C3,30,LONG,2024-03-25T08:00:00+00:00,2024-03-28T12:00:00+00:00,-0.7931810468856730616649737196701973
C3,30,LONG,2024-03-30T20:00:00+00:00,2024-04-02T04:00:00+00:00,-6.790311176787501707354695949575135
C3,30,SHORT,2024-04-27T04:00:00+00:00,2024-04-30T08:00:00+00:00,0.1840279575990102137440179380943238
C3,30,SHORT,2024-04-30T20:00:00+00:00,2024-05-01T20:00:00+00:00,-6.170231175161640682198351670079092
C3,30,LONG,2024-05-17T04:00:00+00:00,2024-05-20T08:00:00+00:00,8.947354978673365542610375261555322
C3,30,LONG,2024-05-20T12:00:00+00:00,2024-05-21T16:00:00+00:00,-1.157014827882458308492990507830876
C3,30,LONG,2024-06-05T12:00:00+00:00,2024-06-07T20:00:00+00:00,-6.985943299511206468920951180284048
C3,30,SHORT,2024-07-05T00:00:00+00:00,2024-07-06T12:00:00+00:00,-9.195806128591637933312882142165487
C3,30,LONG,2024-07-16T08:00:00+00:00,2024-07-17T20:00:00+00:00,0.8378765027186049178362838540675042
C3,30,LONG,2024-07-19T16:00:00+00:00,2024-07-22T20:00:00+00:00,7.658305019011858002126015849683165
C3,30,LONG,2024-07-26T16:00:00+00:00,2024-07-29T20:00:00+00:00,2.311031326019983236420060569167197
C3,30,SHORT,2024-08-30T04:00:00+00:00,2024-09-02T08:00:00+00:00,7.377863866540589951691295614300157
C3,30,LONG,2024-09-27T04:00:00+00:00,2024-09-30T08:00:00+00:00,0.0567061189323616904822800451930461
C3,30,LONG,2024-10-14T12:00:00+00:00,2024-10-15T20:00:00+00:00,0.59602444663026961798582711375428
C3,30,LONG,2024-10-16T00:00:00+00:00,2024-10-19T04:00:00+00:00,-0.7737139716541429254981499815946757
C3,30,LONG,2024-10-19T16:00:00+00:00,2024-10-21T04:00:00+00:00,7.652584422485389965905288515518264
C3,30,LONG,2024-10-21T08:00:00+00:00,2024-10-21T16:00:00+00:00,-2.671291416078891951268401952527958
C3,30,LONG,2024-10-23T20:00:00+00:00,2024-10-26T00:00:00+00:00,-5.36404370402997065313737137051206
C3,30,LONG,2024-11-06T08:00:00+00:00,2024-11-09T12:00:00+00:00,9.207339678076835719415440369592933
C3,30,LONG,2024-11-10T08:00:00+00:00,2024-11-12T16:00:00+00:00,1.96388925733519499062984962425031
C3,30,LONG,2024-11-17T16:00:00+00:00,2024-11-20T20:00:00+00:00,-1.242627172187348661684867613366149
C3,30,LONG,2024-11-21T20:00:00+00:00,2024-11-25T00:00:00+00:00,-1.163733471291248558092946427414768
C3,30,SHORT,2024-12-19T20:00:00+00:00,2024-12-23T00:00:00+00:00,5.127501602922407604691749755058542
C3,30,SHORT,2025-01-09T16:00:00+00:00,2025-01-12T20:00:00+00:00,1.044797829038274041940982564931726
C3,30,LONG,2025-01-18T16:00:00+00:00,2025-01-20T00:00:00+00:00,-2.649072992685705771569296153299089
C3,30,SHORT,2025-02-07T00:00:00+00:00,2025-02-10T04:00:00+00:00,-7.269256017035211997960052023816402
C3,30,SHORT,2025-02-17T20:00:00+00:00,2025-02-21T00:00:00+00:00,-0.1324338162503642816186692383283932
C3,30,SHORT,2025-02-25T00:00:00+00:00,2025-02-28T04:00:00+00:00,9.361496841866747780119780850840735
C3,30,SHORT,2025-03-29T08:00:00+00:00,2025-04-01T12:00:00+00:00,-1.685283023858582867471550801648063
C3,30,LONG,2025-04-19T12:00:00+00:00,2025-04-22T16:00:00+00:00,4.013986522193232542554669499762264
C3,30,LONG,2025-04-22T20:00:00+00:00,2025-04-26T00:00:00+00:00,3.790404983004448069984756872645448
C3,30,LONG,2025-05-08T20:00:00+00:00,2025-05-11T00:00:00+00:00,10.08722776728741687590844143749656
C3,30,LONG,2025-05-11T04:00:00+00:00,2025-05-14T08:00:00+00:00,2.594210741474316443166081531134226
C3,30,LONG,2025-05-22T20:00:00+00:00,2025-05-26T00:00:00+00:00,-1.898014154414524091312426810556922
C3,30,SHORT,2025-06-14T08:00:00+00:00,2025-06-16T04:00:00+00:00,-7.170342963863079501553836780799271
C3,30,LONG,2025-07-10T00:00:00+00:00,2025-07-13T04:00:00+00:00,1.938446076173107105412797659890889
C3,30,LONG,2025-07-14T08:00:00+00:00,2025-07-15T04:00:00+00:00,-5.508131975702498583480177559616418
C3,30,LONG,2025-07-16T16:00:00+00:00,2025-07-19T20:00:00+00:00,4.416370668116930543107256473840858
C3,30,LONG,2025-07-20T20:00:00+00:00,2025-07-22T04:00:00+00:00,9.273521806913645837006754921066616
C3,30,LONG,2025-07-22T08:00:00+00:00,2025-07-24T00:00:00+00:00,-5.090871128749093687500499636642798
C3,30,LONG,2025-08-08T12:00:00+00:00,2025-08-11T16:00:00+00:00,0.744247774735594102078807685791302
C3,30,LONG,2025-08-12T20:00:00+00:00,2025-08-14T16:00:00+00:00,1.522319150188438260394664024672187
C3,30,LONG,2025-08-23T12:00:00+00:00,2025-08-26T00:00:00+00:00,-8.096964815285738094171691675758842
C3,30,LONG,2025-08-27T12:00:00+00:00,2025-08-30T16:00:00+00:00,-2.607339723542612757957068000324758
C3,30,LONG,2025-09-09T04:00:00+00:00,2025-09-12T04:00:00+00:00,8.770224326258036462942027387521875
C3,30,LONG,2025-09-12T08:00:00+00:00,2025-09-15T08:00:00+00:00,-0.4254888015737777722640646131288587
C3,30,LONG,2025-09-18T04:00:00+00:00,2025-09-21T08:00:00+00:00,-3.459718746742283750608060593628121
C3,30,LONG,2025-10-03T08:00:00+00:00,2025-10-06T12:00:00+00:00,0.8549153689002296784491903979324526
C3,30,LONG,2025-10-06T20:00:00+00:00,2025-10-07T16:00:00+00:00,-5.579292857259391356863645627753887
C3,30,SHORT,2025-11-04T08:00:00+00:00,2025-11-07T12:00:00+00:00,1.361374213221260311684504672718525
C3,30,SHORT,2025-11-13T20:00:00+00:00,2025-11-17T00:00:00+00:00,3.193056357798820773427342767058496
C3,40,SHORT,2022-02-12T16:00:00+00:00,2022-02-15T20:00:00+00:00,-7.866501713221296213162813241842687
C3,40,SHORT,2022-02-19T00:00:00+00:00,2022-02-22T04:00:00+00:00,8.350885344819823330494355817657685
C3,40,LONG,2022-03-25T00:00:00+00:00,2022-03-28T04:00:00+00:00,3.49054897907869347953533464890972
C3,40,LONG,2022-03-28T08:00:00+00:00,2022-03-30T16:00:00+00:00,11.80189152765194321779840274162877
C3,40,LONG,2022-03-30T20:00:00+00:00,2022-04-03T00:00:00+00:00,8.351368258417603104274536153388052
C3,40,SHORT,2022-05-01T00:00:00+00:00,2022-05-01T20:00:00+00:00,-4.953376098159943141677440198669537
C3,40,SHORT,2022-05-08T00:00:00+00:00,2022-05-09T20:00:00+00:00,16.49781681345051222934729122668305
C3,40,SHORT,2022-05-26T08:00:00+00:00,2022-05-26T20:00:00+00:00,4.159005991504524949341963056335496
C3,40,SHORT,2022-06-03T08:00:00+00:00,2022-06-06T04:00:00+00:00,-4.466171513948245820284012651660725
C3,40,SHORT,2022-07-12T00:00:00+00:00,2022-07-14T20:00:00+00:00,-9.756105951301751309628775950281403
C3,40,LONG,2022-07-18T08:00:00+00:00,2022-07-21T00:00:00+00:00,-1.10259644814538825426730454957202
C3,40,LONG,2022-07-28T20:00:00+00:00,2022-08-01T00:00:00+00:00,-0.4528015544708140556543456521408071
C3,40,LONG,2022-08-08T08:00:00+00:00,2022-08-09T16:00:00+00:00,-6.881682825382906141781249042836786
C3,40,LONG,2022-08-11T04:00:00+00:00,2022-08-14T08:00:00+00:00,7.968574050303451208521733955153021
C3,40,LONG,2022-08-14T12:00:00+00:00,2022-08-15T12:00:00+00:00,-7.053280586463515730046085020180673
C3,40,SHORT,2022-08-20T20:00:00+00:00,2022-08-24T00:00:00+00:00,-4.585267069725643592536626790521628
C3,40,SHORT,2022-08-27T16:00:00+00:00,2022-08-30T20:00:00+00:00,-1.571383741772710980747784936000398
C3,40,LONG,2022-11-04T16:00:00+00:00,2022-11-05T16:00:00+00:00,11.4927599349187518132257398934958
C3,40,LONG,2022-11-05T20:00:00+00:00,2022-11-06T20:00:00+00:00,-8.584813066281056052477772134109591
C3,40,SHORT,2022-12-17T04:00:00+00:00,2022-12-20T08:00:00+00:00,-1.784864041286484644454841711822942
C3,40,SHORT,2022-12-28T12:00:00+00:00,2022-12-30T00:00:00+00:00,3.008844648230291048198356078782741
C3,40,LONG,2023-01-09T08:00:00+00:00,2023-01-12T12:00:00+00:00,-2.618717346334633472520064725201105
C3,40,LONG,2023-01-14T00:00:00+00:00,2023-01-14T04:00:00+00:00,18.93067170347407493582269278689103
C3,40,LONG,2023-02-16T00:00:00+00:00,2023-02-17T04:00:00+00:00,-5.907571790140830480187235142950948
C3,40,LONG,2023-02-19T12:00:00+00:00,2023-02-20T08:00:00+00:00,10.88123717836937216898057194838492
C3,40,LONG,2023-02-20T12:00:00+00:00,2023-02-22T04:00:00+00:00,-8.114432145306630867939510509525315
C3,40,SHORT,2023-03-09T00:00:00+00:00,2023-03-11T04:00:00+00:00,0.2922519608986691900533758701336214
C3,40,LONG,2023-04-12T04:00:00+00:00,2023-04-14T04:00:00+00:00,10.23317592147397832855613506434984
C3,40,LONG,2023-04-14T08:00:00+00:00,2023-04-17T12:00:00+00:00,-0.8767881881843888182491032964530392
C3,40,LONG,2023-04-29T12:00:00+00:00,2023-05-01T04:00:00+00:00,-5.553221325939129942392554979893149
C3,40,LONG,2023-06-05T00:00:00+00:00,2023-06-05T16:00:00+00:00,-9.457699358902422946694826533240979
C3,40,SHORT,2023-06-07T16:00:00+00:00,2023-06-10T04:00:00+00:00,14.8275354919785163416443391132261
C3,40,LONG,2023-07-08T00:00:00+00:00,2023-07-11T04:00:00+00:00,0.2585948157768279261495514633896344
C3,40,LONG,2023-07-11T16:00:00+00:00,2023-07-13T16:00:00+00:00,7.605322421090543496016156966246221
C3,40,LONG,2023-07-13T20:00:00+00:00,2023-07-14T04:00:00+00:00,8.002680220300660727821610126393292
C3,40,LONG,2023-07-28T16:00:00+00:00,2023-07-31T00:00:00+00:00,-4.730074333349482962791348913188636
C3,40,LONG,2023-08-09T04:00:00+00:00,2023-08-12T08:00:00+00:00,0.0903409278362531739796197565994972
C3,40,LONG,2023-08-13T00:00:00+00:00,2023-08-14T04:00:00+00:00,-2.981234869752849497012277859784863
C3,40,LONG,2023-08-15T00:00:00+00:00,2023-08-15T20:00:00+00:00,-5.332971566754690694193582650144944
C3,40,SHORT,2023-08-18T16:00:00+00:00,2023-08-21T20:00:00+00:00,0.617658155767642466833283276198271
C3,40,LONG,2023-10-01T08:00:00+00:00,2023-10-01T12:00:00+00:00,6.582898505333222241353689932504603
C3,40,LONG,2023-10-01T16:00:00+00:00,2023-10-02T20:00:00+00:00,2.361197174567305656337446890218146
C3,40,LONG,2023-10-03T16:00:00+00:00,2023-10-06T20:00:00+00:00,-3.31844790782515486303276218604726
C3,40,LONG,2023-10-16T08:00:00+00:00,2023-10-16T16:00:00+00:00,0.657812421867088515759764620461536
C3,40,LONG,2023-10-16T20:00:00+00:00,2023-10-20T00:00:00+00:00,3.628908391548571854849579703031606
C3,40,LONG,2023-10-20T04:00:00+00:00,2023-10-21T08:00:00+00:00,8.386180975400101233458631172783254
C3,40,LONG,2023-10-21T12:00:00+00:00,2023-10-24T16:00:00+00:00,3.930997815933473189618466951316681
C3,40,LONG,2023-10-30T12:00:00+00:00,2023-11-01T12:00:00+00:00,11.35900684581798372517451765317881
C3,40,LONG,2023-11-01T16:00:00+00:00,2023-11-02T16:00:00+00:00,-2.245131641997322942408386557209301
C3,40,LONG,2023-11-08T04:00:00+00:00,2023-11-09T20:00:00+00:00,1.481242930019618134591558027334398
C3,40,LONG,2023-11-29T20:00:00+00:00,2023-12-03T00:00:00+00:00,5.114641646627941110246890407520781
C3,40,LONG,2023-12-03T04:00:00+00:00,2023-12-04T12:00:00+00:00,-3.942282094203001383815556025346974
C3,40,LONG,2023-12-06T20:00:00+00:00,2023-12-09T00:00:00+00:00,15.27720052537122205169650406880429
C3,40,LONG,2023-12-09T04:00:00+00:00,2023-12-11T04:00:00+00:00,-5.306638765236905208577779021338641
C3,40,LONG,2023-12-21T08:00:00+00:00,2023-12-23T20:00:00+00:00,17.52941318482731212898636926561045
C3,40,SHORT,2024-01-23T12:00:00+00:00,2024-01-24T12:00:00+00:00,-9.676501739119821847759682864931944
C3,40,LONG,2024-01-30T08:00:00+00:00,2024-02-01T00:00:00+00:00,-6.509374757689482588179272185191696
C3,40,LONG,2024-02-08T16:00:00+00:00,2024-02-11T20:00:00+00:00,2.571806023820738673054460204117587
C3,40,LONG,2024-02-13T04:00:00+00:00,2024-02-16T08:00:00+00:00,-2.160041449907783445611166011990435
C3,40,LONG,2024-02-27T04:00:00+00:00,2024-02-29T00:00:00+00:00,7.551141497775059245040738743521149
C3,40,LONG,2024-02-29T12:00:00+00:00,2024-03-03T16:00:00+00:00,-0.7660757557789878117042662015899539
C3,40,LONG,2024-03-14T12:00:00+00:00,2024-03-14T20:00:00+00:00,-7.030615614782297859948069680439361
C3,40,LONG,2024-03-15T00:00:00+00:00,2024-03-18T04:00:00+00:00,14.19987448063042528428009115017372
C3,40,LONG,2024-03-25T08:00:00+00:00,2024-03-28T12:00:00+00:00,-0.9929872845517857265981081492392342
C3,40,LONG,2024-03-30T20:00:00+00:00,2024-04-02T04:00:00+00:00,-6.98410223879674192630418973498178
C3,40,SHORT,2024-04-27T04:00:00+00:00,2024-04-30T08:00:00+00:00,-0.0151903594921173932213419642605173
C3,40,SHORT,2024-04-30T20:00:00+00:00,2024-05-01T20:00:00+00:00,-6.375784745625411011891470664765113
C3,40,LONG,2024-05-17T04:00:00+00:00,2024-05-20T08:00:00+00:00,8.737778895445007101745169268314043
C3,40,LONG,2024-05-20T12:00:00+00:00,2024-05-21T16:00:00+00:00,-1.35645613698187409755167356649905
C3,40,LONG,2024-06-05T12:00:00+00:00,2024-06-07T20:00:00+00:00,-7.179538140735367746284119734767214
C3,40,SHORT,2024-07-05T00:00:00+00:00,2024-07-06T12:00:00+00:00,-9.404376224432706365948288804321186
C3,40,LONG,2024-07-16T08:00:00+00:00,2024-07-17T20:00:00+00:00,0.6364342996065501486107710317464736
C3,40,LONG,2024-07-19T16:00:00+00:00,2024-07-22T20:00:00+00:00,7.450021864529398766416762072501938
C3,40,LONG,2024-07-26T16:00:00+00:00,2024-07-29T20:00:00+00:00,2.108111535321868910204995312829015
C3,40,SHORT,2024-08-30T04:00:00+00:00,2024-09-02T08:00:00+00:00,7.185817868401547668492583047614514
C3,40,LONG,2024-09-27T04:00:00+00:00,2024-09-30T08:00:00+00:00,-0.1439525632330669571511023821341285
C3,40,LONG,2024-10-14T12:00:00+00:00,2024-10-15T20:00:00+00:00,0.394824823313689608338900506819722
C3,40,LONG,2024-10-16T00:00:00+00:00,2024-10-19T04:00:00+00:00,-0.9735397349724436848507095101988937
C3,40,LONG,2024-10-19T16:00:00+00:00,2024-10-21T04:00:00+00:00,7.444307005812887067243397554118546
C3,40,LONG,2024-10-21T08:00:00+00:00,2024-10-21T16:00:00+00:00,-2.869213892090848930254090616567549
C3,40,LONG,2024-10-23T20:00:00+00:00,2024-10-26T00:00:00+00:00,-5.559265325189419027607644819488477
C3,40,LONG,2024-11-06T08:00:00+00:00,2024-11-09T12:00:00+00:00,8.997502827848072594320740830606381
C3,40,LONG,2024-11-10T08:00:00+00:00,2024-11-12T16:00:00+00:00,1.761317653265651164159809654717461
C3,40,LONG,2024-11-17T16:00:00+00:00,2024-11-20T20:00:00+00:00,-1.441982611332597058212766442239402
C3,40,LONG,2024-11-21T20:00:00+00:00,2024-11-25T00:00:00+00:00,-1.363168041530675590632472057878745
C3,40,SHORT,2024-12-19T20:00:00+00:00,2024-12-23T00:00:00+00:00,4.933211973413855668106198159599976
C3,40,SHORT,2025-01-09T16:00:00+00:00,2025-01-12T20:00:00+00:00,0.8464377072327289512549815505398336
C3,40,LONG,2025-01-18T16:00:00+00:00,2025-01-20T00:00:00+00:00,-2.847017753976893629371132365783242
C3,40,SHORT,2025-02-07T00:00:00+00:00,2025-02-10T04:00:00+00:00,-7.475905325127968939134488765614823
C3,40,SHORT,2025-02-17T20:00:00+00:00,2025-02-21T00:00:00+00:00,-0.3319676485696567684398244419558392
C3,40,SHORT,2025-02-25T00:00:00+00:00,2025-02-28T04:00:00+00:00,9.171428543603404557567557302337087
C3,40,SHORT,2025-03-29T08:00:00+00:00,2025-04-01T12:00:00+00:00,-1.886365060771702092663446664860075
C3,40,LONG,2025-04-19T12:00:00+00:00,2025-04-22T16:00:00+00:00,3.809358652060641536995437133162703
C3,40,LONG,2025-04-22T20:00:00+00:00,2025-04-26T00:00:00+00:00,3.586001367173952134107139262943697
C3,40,LONG,2025-05-08T20:00:00+00:00,2025-05-11T00:00:00+00:00,9.876508381362354271218463060929357
C3,40,LONG,2025-05-11T04:00:00+00:00,2025-05-14T08:00:00+00:00,2.3910069192662178308860754313036
C3,40,LONG,2025-05-22T20:00:00+00:00,2025-05-26T00:00:00+00:00,-2.096712234500367096235884757587457
C3,40,SHORT,2025-06-14T08:00:00+00:00,2025-06-16T04:00:00+00:00,-7.376893654754269012522484673900766
C3,40,LONG,2025-07-10T00:00:00+00:00,2025-07-13T04:00:00+00:00,1.735899991843946516540768775578059
C3,40,LONG,2025-07-14T08:00:00+00:00,2025-07-15T04:00:00+00:00,-5.703209075024762877779595636286813
C3,40,LONG,2025-07-16T16:00:00+00:00,2025-07-19T20:00:00+00:00,4.211339203053623692010860028029583
C3,40,LONG,2025-07-20T20:00:00+00:00,2025-07-22T04:00:00+00:00,9.063618575412227937471141325358425
C3,40,LONG,2025-07-22T08:00:00+00:00,2025-07-24T00:00:00+00:00,-5.286366744467499812187058814539846
C3,40,LONG,2025-08-08T12:00:00+00:00,2025-08-11T16:00:00+00:00,0.542899482082900426951346494531732
C3,40,LONG,2025-08-12T20:00:00+00:00,2025-08-14T16:00:00+00:00,1.320190444922451862941911101879135
C3,40,LONG,2025-08-23T12:00:00+00:00,2025-08-26T00:00:00+00:00,-8.289445291900296029884658885712946
C3,40,LONG,2025-08-27T12:00:00+00:00,2025-08-30T16:00:00+00:00,-2.80532634367948074917275800233045
C3,40,LONG,2025-09-09T04:00:00+00:00,2025-09-12T04:00:00+00:00,8.560825906673023387252015323943618
C3,40,LONG,2025-09-12T08:00:00+00:00,2025-09-15T08:00:00+00:00,-0.6256638378811260392928870157235138
C3,40,LONG,2025-09-18T04:00:00+00:00,2025-09-21T08:00:00+00:00,-3.656850423024387778942455718408835
C3,40,LONG,2025-10-03T08:00:00+00:00,2025-10-06T12:00:00+00:00,0.6534560756515835102661922129796618
C3,40,LONG,2025-10-06T20:00:00+00:00,2025-10-07T16:00:00+00:00,-5.774298581575079028521756314185428
C3,40,SHORT,2025-11-04T08:00:00+00:00,2025-11-07T12:00:00+00:00,1.163329720911411119572525116061216
C3,40,SHORT,2025-11-13T20:00:00+00:00,2025-11-17T00:00:00+00:00,2.996838069022947214876422869518176
L0,10,LONG,2022-03-25T00:00:00+00:00,2022-03-28T04:00:00+00:00,4.103472319377123279172489271346196
L0,10,LONG,2022-03-28T08:00:00+00:00,2022-03-30T16:00:00+00:00,12.43984903225330449255080756916379
L0,10,LONG,2022-03-30T20:00:00+00:00,2022-04-03T00:00:00+00:00,8.978932620641752511215122105657293
L0,10,LONG,2022-07-18T08:00:00+00:00,2022-07-21T00:00:00+00:00,-0.5035078832301635200934108885767547
L0,10,LONG,2022-07-28T20:00:00+00:00,2022-08-01T00:00:00+00:00,0.1482442239795750586358521019190096
L0,10,LONG,2022-08-08T08:00:00+00:00,2022-08-09T16:00:00+00:00,-6.300001147146107666304686539953765
L0,10,LONG,2022-08-11T04:00:00+00:00,2022-08-14T08:00:00+00:00,8.594985417924847145896799418873362
L0,10,LONG,2022-08-14T12:00:00+00:00,2022-08-15T12:00:00+00:00,-6.472115768952863668992006963012543
L0,10,LONG,2022-11-04T16:00:00+00:00,2022-11-05T16:00:00+00:00,12.12978632026489263194027525462079
L0,10,LONG,2022-11-05T20:00:00+00:00,2022-11-06T20:00:00+00:00,-8.008261298408408630949090724874982
L0,10,LONG,2023-01-09T08:00:00+00:00,2023-01-12T12:00:00+00:00,-2.024195410630822127557775763530024
L0,10,LONG,2023-01-14T00:00:00+00:00,2023-01-14T04:00:00+00:00,19.59010143752068359526794186155034
L0,10,LONG,2023-02-16T00:00:00+00:00,2023-02-17T04:00:00+00:00,-5.32295604252077274066972681506827
L0,10,LONG,2023-02-19T12:00:00+00:00,2023-02-20T08:00:00+00:00,11.51642162770181003695942909280776
L0,10,LONG,2023-02-20T12:00:00+00:00,2023-02-22T04:00:00+00:00,-7.536463567431048430794749999011837
L0,10,LONG,2023-04-12T04:00:00+00:00,2023-04-14T04:00:00+00:00,10.86640837906877946809997884466415
L0,10,LONG,2023-04-14T08:00:00+00:00,2023-04-17T12:00:00+00:00,-0.2770194779078357725209379449363316
L0,10,LONG,2023-04-29T12:00:00+00:00,2023-05-01T04:00:00+00:00,-4.967538257643765875953978338266321
L0,10,LONG,2023-06-05T00:00:00+00:00,2023-06-05T16:00:00+00:00,-8.883776766609960365208967577015801
L0,10,LONG,2023-07-08T00:00:00+00:00,2023-07-11T04:00:00+00:00,0.8617833543785653596620501123757476
L0,10,LONG,2023-07-11T16:00:00+00:00,2023-07-13T16:00:00+00:00,8.230639657298647542690904426987927
L0,10,LONG,2023-07-13T20:00:00+00:00,2023-07-14T04:00:00+00:00,8.629194317349759103507819795448693
L0,10,LONG,2023-07-28T16:00:00+00:00,2023-07-31T00:00:00+00:00,-4.141911906642704297016624060517517
L0,10,LONG,2023-08-09T04:00:00+00:00,2023-08-12T08:00:00+00:00,0.6930226776188924907687149968302185
L0,10,LONG,2023-08-13T00:00:00+00:00,2023-08-14T04:00:00+00:00,-2.387804854300297838870748576229998
L0,10,LONG,2023-08-15T00:00:00+00:00,2023-08-15T20:00:00+00:00,-4.746625095570216870983322356922489
L0,10,LONG,2023-10-01T08:00:00+00:00,2023-10-01T12:00:00+00:00,7.205136151433623513164996227482027
L0,10,LONG,2023-10-01T16:00:00+00:00,2023-10-02T20:00:00+00:00,2.970718852803954167350511489285069
L0,10,LONG,2023-10-03T16:00:00+00:00,2023-10-06T20:00:00+00:00,-2.726033594294507739126234361306439
L0,10,LONG,2023-10-16T08:00:00+00:00,2023-10-16T16:00:00+00:00,1.262203423137772517313257887390637
L0,10,LONG,2023-10-16T20:00:00+00:00,2023-10-20T00:00:00+00:00,4.242248477065284420677439882860014
L0,10,LONG,2023-10-20T04:00:00+00:00,2023-10-21T08:00:00+00:00,9.013850195205523225125675242580793
L0,10,LONG,2023-10-21T12:00:00+00:00,2023-10-24T16:00:00+00:00,4.545247809354959554647438237314623
L0,10,LONG,2023-10-30T12:00:00+00:00,2023-11-01T12:00:00+00:00,11.99563036041382102555154933285706
L0,10,LONG,2023-11-01T16:00:00+00:00,2023-11-02T16:00:00+00:00,-1.649484448147917288620460010694872
L0,10,LONG,2023-11-08T04:00:00+00:00,2023-11-09T20:00:00+00:00,2.088114143664255538611412117778176
L0,10,LONG,2023-11-29T20:00:00+00:00,2023-12-03T00:00:00+00:00,5.73245683231055539069944128224223
L0,10,LONG,2023-12-03T04:00:00+00:00,2023-12-04T12:00:00+00:00,-3.351746799306022472321024567591995
L0,10,LONG,2023-12-06T20:00:00+00:00,2023-12-09T00:00:00+00:00,15.92562582815848476871968630997539
L0,10,LONG,2023-12-09T04:00:00+00:00,2023-12-11T04:00:00+00:00,-4.720212978385209139928916909957131
L0,10,LONG,2023-12-21T08:00:00+00:00,2023-12-23T20:00:00+00:00,18.18462226068522571973632820918157
L0,10,LONG,2024-01-30T08:00:00+00:00,2024-02-01T00:00:00+00:00,-5.926571669610234041758125414665165
L0,10,LONG,2024-02-08T16:00:00+00:00,2024-02-11T20:00:00+00:00,3.181962066061162584720286891479387
L0,10,LONG,2024-02-13T04:00:00+00:00,2024-02-16T08:00:00+00:00,-1.564137960299071949965416512026551
L0,10,LONG,2024-02-27T04:00:00+00:00,2024-02-29T00:00:00+00:00,8.176295538431008218670379522869105
L0,10,LONG,2024-02-29T12:00:00+00:00,2024-03-03T16:00:00+00:00,-0.165973574320490787040724834727273
L0,10,LONG,2024-03-14T12:00:00+00:00,2024-03-14T20:00:00+00:00,-6.449382529284654178803334950561166
L0,10,LONG,2024-03-15T00:00:00+00:00,2024-03-18T04:00:00+00:00,14.84505482545160126405201913556581
L0,10,LONG,2024-03-25T08:00:00+00:00,2024-03-28T12:00:00+00:00,-0.3935685715534477317987048605321235
L0,10,LONG,2024-03-30T20:00:00+00:00,2024-04-02T04:00:00+00:00,-6.402729052769021269455708378761846
L0,10,LONG,2024-05-17T04:00:00+00:00,2024-05-20T08:00:00+00:00,9.366507145130082424340787248037881
L0,10,LONG,2024-05-20T12:00:00+00:00,2024-05-21T16:00:00+00:00,-0.7581322096836267303756243904945287
L0,10,LONG,2024-06-05T12:00:00+00:00,2024-06-07T20:00:00+00:00,-6.598753617062883914194614071317717
L0,10,LONG,2024-07-16T08:00:00+00:00,2024-07-17T20:00:00+00:00,1.240760908942714456287309498709565
L0,10,LONG,2024-07-19T16:00:00+00:00,2024-07-22T20:00:00+00:00,8.074871327976776473544523404045619
L0,10,LONG,2024-07-26T16:00:00+00:00,2024-07-29T20:00:00+00:00,2.71687090741621188885019108184356
L0,10,LONG,2024-09-27T04:00:00+00:00,2024-09-30T08:00:00+00:00,0.4580234832632189857490448998473953
L0,10,LONG,2024-10-14T12:00:00+00:00,2024-10-15T20:00:00+00:00,0.998423693263429637279680327623396
L0,10,LONG,2024-10-16T00:00:00+00:00,2024-10-19T04:00:00+00:00,-0.3740624450175414067930309243862398
L0,10,LONG,2024-10-19T16:00:00+00:00,2024-10-21T04:00:00+00:00,8.069139255830395763229070438317699
L0,10,LONG,2024-10-21T08:00:00+00:00,2024-10-21T16:00:00+00:00,-2.275446464054977993297024624448777
L0,10,LONG,2024-10-23T20:00:00+00:00,2024-10-26T00:00:00+00:00,-4.973600461711073904196824472559225
L0,10,LONG,2024-11-06T08:00:00+00:00,2024-11-09T12:00:00+00:00,9.627013378534361969604839447566038
L0,10,LONG,2024-11-10T08:00:00+00:00,2024-11-12T16:00:00+00:00,2.369032465474282643569929563316008
L0,10,LONG,2024-11-17T16:00:00+00:00,2024-11-20T20:00:00+00:00,-0.8439162938968518686290699556196416
L0,10,LONG,2024-11-21T20:00:00+00:00,2024-11-25T00:00:00+00:00,-0.7648643308123944930138951664868138
L0,10,LONG,2025-01-18T16:00:00+00:00,2025-01-20T00:00:00+00:00,-2.253183470103330055965623728330782
L0,10,LONG,2025-04-19T12:00:00+00:00,2025-04-22T16:00:00+00:00,4.423242262458414553673134232961386
L0,10,LONG,2025-04-22T20:00:00+00:00,2025-04-26T00:00:00+00:00,4.199212214665439941739992092048949
L0,10,LONG,2025-05-08T20:00:00+00:00,2025-05-11T00:00:00+00:00,10.50866653913754208528839819063095
L0,10,LONG,2025-05-11T04:00:00+00:00,2025-05-14T08:00:00+00:00,3.000618385890513667726093730795478
L0,10,LONG,2025-05-22T20:00:00+00:00,2025-05-26T00:00:00+00:00,-1.500617994242838081465510916495853
L0,10,LONG,2025-07-10T00:00:00+00:00,2025-07-13T04:00:00+00:00,2.343538244831428283156855428516548
L0,10,LONG,2025-07-14T08:00:00+00:00,2025-07-15T04:00:00+00:00,-5.117977777057969994881341406275629
L0,10,LONG,2025-07-16T16:00:00+00:00,2025-07-19T20:00:00+00:00,4.826433598243544245300049365463407
L0,10,LONG,2025-07-20T20:00:00+00:00,2025-07-22T04:00:00+00:00,9.693328269916481636077982112482999
L0,10,LONG,2025-07-22T08:00:00+00:00,2025-07-24T00:00:00+00:00,-4.699879897312281438127381280848701
L0,10,LONG,2025-08-08T12:00:00+00:00,2025-08-11T16:00:00+00:00,1.146944360040981452333730068310442
L0,10,LONG,2025-08-12T20:00:00+00:00,2025-08-14T16:00:00+00:00,1.92657656072041105530016987025829
L0,10,LONG,2025-08-23T12:00:00+00:00,2025-08-26T00:00:00+00:00,-7.712003862056622222745757255850635
L0,10,LONG,2025-08-27T12:00:00+00:00,2025-08-30T16:00:00+00:00,-2.211366483268876775525687996313373
L0,10,LONG,2025-09-09T04:00:00+00:00,2025-09-12T04:00:00+00:00,9.189021165428062614322051514678388
L0,10,LONG,2025-09-12T08:00:00+00:00,2025-09-15T08:00:00+00:00,-0.0251387289590812382064198079395485
L0,10,LONG,2025-09-18T04:00:00+00:00,2025-09-21T08:00:00+00:00,-3.065455394178075693939270344066693
L0,10,LONG,2025-10-03T08:00:00+00:00,2025-10-06T12:00:00+00:00,1.257833955397522014815186767838034
L0,10,LONG,2025-10-06T20:00:00+00:00,2025-10-07T16:00:00+00:00,-5.189281408628016013547424254890806
L0,20,LONG,2022-03-25T00:00:00+00:00,2022-03-28T04:00:00+00:00,3.899164539277646679293437730534037
L0,20,LONG,2022-03-28T08:00:00+00:00,2022-03-30T16:00:00+00:00,12.22719653071951740096667262665212
L0,20,LONG,2022-03-30T20:00:00+00:00,2022-04-03T00:00:00+00:00,8.769744499900369375568260121567546
L0,20,LONG,2022-07-18T08:00:00+00:00,2022-07-21T00:00:00+00:00,-0.7032040715352384314847087755751764
L0,20,LONG,2022-07-28T20:00:00+00:00,2022-08-01T00:00:00+00:00,-0.0521043688372213127942138161009293
L0,20,LONG,2022-08-08T08:00:00+00:00,2022-08-09T16:00:00+00:00,-6.493895039891707158130207374248105
L0,20,LONG,2022-08-11T04:00:00+00:00,2022-08-14T08:00:00+00:00,8.386181628717715166771777597633248
L0,20,LONG,2022-08-14T12:00:00+00:00,2022-08-15T12:00:00+00:00,-6.66583737478974768934336631540192
L0,20,LONG,2022-11-04T16:00:00+00:00,2022-11-05T16:00:00+00:00,11.91744419181617902570209680091246
L0,20,LONG,2022-11-05T20:00:00+00:00,2022-11-06T20:00:00+00:00,-8.200445221032624438125317861286518
L0,20,LONG,2023-01-09T08:00:00+00:00,2023-01-12T12:00:00+00:00,-2.222369389198759242545205417420385
L0,20,LONG,2023-01-14T00:00:00+00:00,2023-01-14T04:00:00+00:00,19.37029152617181404211952550333057
L0,20,LONG,2023-02-16T00:00:00+00:00,2023-02-17T04:00:00+00:00,-5.51782795839412532050889625769583
L0,20,LONG,2023-02-19T12:00:00+00:00,2023-02-20T08:00:00+00:00,11.30469347792433074763314337800015
L0,20,LONG,2023-02-20T12:00:00+00:00,2023-02-22T04:00:00+00:00,-7.729119760056242576509670169182997
L0,20,LONG,2023-04-12T04:00:00+00:00,2023-04-14T04:00:00+00:00,10.65533089320384575491869758455938
L0,20,LONG,2023-04-14T08:00:00+00:00,2023-04-17T12:00:00+00:00,-0.4769423813333534544303263954419008
L0,20,LONG,2023-04-29T12:00:00+00:00,2023-05-01T04:00:00+00:00,-5.162765947075553898100170552141931
L0,20,LONG,2023-06-05T00:00:00+00:00,2023-06-05T16:00:00+00:00,-9.07508429737411455903758722909086
L0,20,LONG,2023-07-08T00:00:00+00:00,2023-07-11T04:00:00+00:00,0.6607205081779862151578838960470432
L0,20,LONG,2023-07-11T16:00:00+00:00,2023-07-13T16:00:00+00:00,8.022200578562612860465988606740692
L0,20,LONG,2023-07-13T20:00:00+00:00,2023-07-14T04:00:00+00:00,8.420356285000059644945749905763559
L0,20,LONG,2023-07-28T16:00:00+00:00,2023-07-31T00:00:00+00:00,-4.33796604887829718560819901140789
L0,20,LONG,2023-08-09T04:00:00+00:00,2023-08-12T08:00:00+00:00,0.4921287610246793851723499167533114
L0,20,LONG,2023-08-13T00:00:00+00:00,2023-08-14T04:00:00+00:00,-2.585614859451148391584591670748287
L0,20,LONG,2023-08-15T00:00:00+00:00,2023-08-15T20:00:00+00:00,-4.942073919298374812053409121329974
L0,20,LONG,2023-10-01T08:00:00+00:00,2023-10-01T12:00:00+00:00,6.997723602733489755894560795822886
L0,20,LONG,2023-10-01T16:00:00+00:00,2023-10-02T20:00:00+00:00,2.767544960058404663679489956262761
L0,20,LONG,2023-10-03T16:00:00+00:00,2023-10-06T20:00:00+00:00,-2.923505032138056780428410302886713
L0,20,LONG,2023-10-16T08:00:00+00:00,2023-10-16T16:00:00+00:00,1.06073975604754451679542679841427
L0,20,LONG,2023-10-16T20:00:00+00:00,2023-10-20T00:00:00+00:00,4.037801781893046898734819822917211
L0,20,LONG,2023-10-20T04:00:00+00:00,2023-10-21T08:00:00+00:00,8.804627121937049227903327219314947
L0,20,LONG,2023-10-21T12:00:00+00:00,2023-10-24T16:00:00+00:00,4.340497811547797432971114475315309
L0,20,LONG,2023-10-30T12:00:00+00:00,2023-11-01T12:00:00+00:00,11.78342252221520859209253877296431
L0,20,LONG,2023-11-01T16:00:00+00:00,2023-11-02T16:00:00+00:00,-1.848033512764385839883102192866348
L0,20,LONG,2023-11-08T04:00:00+00:00,2023-11-09T20:00:00+00:00,1.88582373911604307060479408763025
L0,20,LONG,2023-11-29T20:00:00+00:00,2023-12-03T00:00:00+00:00,5.52651843708301729721525765733508
L0,20,LONG,2023-12-03T04:00:00+00:00,2023-12-04T12:00:00+00:00,-3.548591897605015442819201720176988
L0,20,LONG,2023-12-06T20:00:00+00:00,2023-12-09T00:00:00+00:00,15.70948406056273052971195889625169
L0,20,LONG,2023-12-09T04:00:00+00:00,2023-12-11T04:00:00+00:00,-4.915688240669107829478537613750967
L0,20,LONG,2023-12-21T08:00:00+00:00,2023-12-23T20:00:00+00:00,17.9662192353992545228196752279912
L0,20,LONG,2024-01-30T08:00:00+00:00,2024-02-01T00:00:00+00:00,-6.120839365636650223898507671507342
L0,20,LONG,2024-02-08T16:00:00+00:00,2024-02-11T20:00:00+00:00,2.978576718647687947498344662358787
L0,20,LONG,2024-02-13T04:00:00+00:00,2024-02-16T08:00:00+00:00,-1.762772456835309115180666345347846
L0,20,LONG,2024-02-27T04:00:00+00:00,2024-02-29T00:00:00+00:00,7.967910858212358560793832596419786
L0,20,LONG,2024-02-29T12:00:00+00:00,2024-03-03T16:00:00+00:00,-0.3660076348066564619285719570148333
L0,20,LONG,2024-03-14T12:00:00+00:00,2024-03-14T20:00:00+00:00,-6.643126891117202072518246527187231
L0,20,LONG,2024-03-15T00:00:00+00:00,2024-03-18T04:00:00+00:00,14.62999471051120927079470980710178
L0,20,LONG,2024-03-25T08:00:00+00:00,2024-03-28T12:00:00+00:00,-0.5933748092195603967318392901011604
L0,20,LONG,2024-03-30T20:00:00+00:00,2024-04-02T04:00:00+00:00,-6.596520114778261488405202164168491
L0,20,LONG,2024-05-17T04:00:00+00:00,2024-05-20T08:00:00+00:00,9.156931061901723983475581254796602
L0,20,LONG,2024-05-20T12:00:00+00:00,2024-05-21T16:00:00+00:00,-0.9575735187830425194343074491627024
L0,20,LONG,2024-06-05T12:00:00+00:00,2024-06-07T20:00:00+00:00,-6.792348458287045191557782625800883
L0,20,LONG,2024-07-16T08:00:00+00:00,2024-07-17T20:00:00+00:00,1.039318705830659687061796676388535
L0,20,LONG,2024-07-19T16:00:00+00:00,2024-07-22T20:00:00+00:00,7.866588173494317237835269626864392
L0,20,LONG,2024-07-26T16:00:00+00:00,2024-07-29T20:00:00+00:00,2.513951116718097562635125825505379
L0,20,LONG,2024-09-27T04:00:00+00:00,2024-09-30T08:00:00+00:00,0.2573648010977903381156624725202207
L0,20,LONG,2024-10-14T12:00:00+00:00,2024-10-15T20:00:00+00:00,0.797224069946849627632753720688838
L0,20,LONG,2024-10-16T00:00:00+00:00,2024-10-19T04:00:00+00:00,-0.5738882083358421661455904529904578
L0,20,LONG,2024-10-19T16:00:00+00:00,2024-10-21T04:00:00+00:00,7.860861839157892864567179476917981
L0,20,LONG,2024-10-21T08:00:00+00:00,2024-10-21T16:00:00+00:00,-2.473368940066934972282713288488368
L0,20,LONG,2024-10-23T20:00:00+00:00,2024-10-26T00:00:00+00:00,-5.168822082870522278667097921535642
L0,20,LONG,2024-11-06T08:00:00+00:00,2024-11-09T12:00:00+00:00,9.417176528305598844510139908579486
L0,20,LONG,2024-11-10T08:00:00+00:00,2024-11-12T16:00:00+00:00,2.166460861404738817099889593783159
L0,20,LONG,2024-11-17T16:00:00+00:00,2024-11-20T20:00:00+00:00,-1.043271733042100265156968784492895
L0,20,LONG,2024-11-21T20:00:00+00:00,2024-11-25T00:00:00+00:00,-0.9642989010518215255534207969507909
L0,20,LONG,2025-01-18T16:00:00+00:00,2025-01-20T00:00:00+00:00,-2.451128231394517913767459940814936
L0,20,LONG,2025-04-19T12:00:00+00:00,2025-04-22T16:00:00+00:00,4.218614392325823548113901866361825
L0,20,LONG,2025-04-22T20:00:00+00:00,2025-04-26T00:00:00+00:00,3.994808598834944005862374482347199
L0,20,LONG,2025-05-08T20:00:00+00:00,2025-05-11T00:00:00+00:00,10.29794715321247948059841981406375
L0,20,LONG,2025-05-11T04:00:00+00:00,2025-05-14T08:00:00+00:00,2.797414563682415055446087630964852
L0,20,LONG,2025-05-22T20:00:00+00:00,2025-05-26T00:00:00+00:00,-1.699316074328681086388968863526387
L0,20,LONG,2025-07-10T00:00:00+00:00,2025-07-13T04:00:00+00:00,2.140992160502267694284826544203718
L0,20,LONG,2025-07-14T08:00:00+00:00,2025-07-15T04:00:00+00:00,-5.313054876380234289180759482946024
L0,20,LONG,2025-07-16T16:00:00+00:00,2025-07-19T20:00:00+00:00,4.621402133180237394203652919652133
L0,20,LONG,2025-07-20T20:00:00+00:00,2025-07-22T04:00:00+00:00,9.483425038415063736542368516774808
L0,20,LONG,2025-07-22T08:00:00+00:00,2025-07-24T00:00:00+00:00,-4.89537551303068756281394045874575
L0,20,LONG,2025-08-08T12:00:00+00:00,2025-08-11T16:00:00+00:00,0.945596067388287777206268877050872
L0,20,LONG,2025-08-12T20:00:00+00:00,2025-08-14T16:00:00+00:00,1.724447855454424657847416947465238
L0,20,LONG,2025-08-23T12:00:00+00:00,2025-08-26T00:00:00+00:00,-7.904484338671180158458724465804739
L0,20,LONG,2025-08-27T12:00:00+00:00,2025-08-30T16:00:00+00:00,-2.409353103405744766741377998319066
L0,20,LONG,2025-09-09T04:00:00+00:00,2025-09-12T04:00:00+00:00,8.979622745843049538632039451100132
L0,20,LONG,2025-09-12T08:00:00+00:00,2025-09-15T08:00:00+00:00,-0.2253137652664295052352422105342036
L0,20,LONG,2025-09-18T04:00:00+00:00,2025-09-21T08:00:00+00:00,-3.262587070460179722273665468847407
L0,20,LONG,2025-10-03T08:00:00+00:00,2025-10-06T12:00:00+00:00,1.056374662148875846632188582885243
L0,20,LONG,2025-10-06T20:00:00+00:00,2025-10-07T16:00:00+00:00,-5.384287132943703685205534941322346
L0,30,LONG,2022-03-25T00:00:00+00:00,2022-03-28T04:00:00+00:00,3.694856759178170079414386189721879
L0,30,LONG,2022-03-28T08:00:00+00:00,2022-03-30T16:00:00+00:00,12.01454402918573030938253768414044
L0,30,LONG,2022-03-30T20:00:00+00:00,2022-04-03T00:00:00+00:00,8.560556379158986239921398137477799
L0,30,LONG,2022-07-18T08:00:00+00:00,2022-07-21T00:00:00+00:00,-0.902900259840313342876006662573598
L0,30,LONG,2022-07-28T20:00:00+00:00,2022-08-01T00:00:00+00:00,-0.2524529616540176842242797341208682
L0,30,LONG,2022-08-08T08:00:00+00:00,2022-08-09T16:00:00+00:00,-6.687788932637306649955728208542446
L0,30,LONG,2022-08-11T04:00:00+00:00,2022-08-14T08:00:00+00:00,8.177377839510583187646755776393134
L0,30,LONG,2022-08-14T12:00:00+00:00,2022-08-15T12:00:00+00:00,-6.859558980626631709694725667791296
L0,30,LONG,2022-11-04T16:00:00+00:00,2022-11-05T16:00:00+00:00,11.70510206336746541946391834720413
L0,30,LONG,2022-11-05T20:00:00+00:00,2022-11-06T20:00:00+00:00,-8.392629143656840245301544997698055
L0,30,LONG,2023-01-09T08:00:00+00:00,2023-01-12T12:00:00+00:00,-2.420543367766696357532635071310745
L0,30,LONG,2023-01-14T00:00:00+00:00,2023-01-14T04:00:00+00:00,19.1504816148229444889711091451108
L0,30,LONG,2023-02-16T00:00:00+00:00,2023-02-17T04:00:00+00:00,-5.712699874267477900348065700323389
L0,30,LONG,2023-02-19T12:00:00+00:00,2023-02-20T08:00:00+00:00,11.09296532814685145830685766319253
L0,30,LONG,2023-02-20T12:00:00+00:00,2023-02-22T04:00:00+00:00,-7.921775952681436722224590339354156
L0,30,LONG,2023-04-12T04:00:00+00:00,2023-04-14T04:00:00+00:00,10.44425340733891204173741632445461
L0,30,LONG,2023-04-14T08:00:00+00:00,2023-04-17T12:00:00+00:00,-0.67686528475887113633971484594747
L0,30,LONG,2023-04-29T12:00:00+00:00,2023-05-01T04:00:00+00:00,-5.35799363650734192024636276601754
L0,30,LONG,2023-06-05T00:00:00+00:00,2023-06-05T16:00:00+00:00,-9.26639182813826875286620688116592
L0,30,LONG,2023-07-08T00:00:00+00:00,2023-07-11T04:00:00+00:00,0.4596576619774070706537176797183388
L0,30,LONG,2023-07-11T16:00:00+00:00,2023-07-13T16:00:00+00:00,7.813761499826578178241072786493456
L0,30,LONG,2023-07-13T20:00:00+00:00,2023-07-14T04:00:00+00:00,8.211518252650360186383680016078426
L0,30,LONG,2023-07-28T16:00:00+00:00,2023-07-31T00:00:00+00:00,-4.534020191113890074199773962298263
L0,30,LONG,2023-08-09T04:00:00+00:00,2023-08-12T08:00:00+00:00,0.2912348444304662795759848366764043
L0,30,LONG,2023-08-13T00:00:00+00:00,2023-08-14T04:00:00+00:00,-2.783424864601998944298434765266575
L0,30,LONG,2023-08-15T00:00:00+00:00,2023-08-15T20:00:00+00:00,-5.137522743026532753123495885737459
L0,30,LONG,2023-10-01T08:00:00+00:00,2023-10-01T12:00:00+00:00,6.790311054033355998624125364163744
L0,30,LONG,2023-10-01T16:00:00+00:00,2023-10-02T20:00:00+00:00,2.564371067312855160008468423240454
L0,30,LONG,2023-10-03T16:00:00+00:00,2023-10-06T20:00:00+00:00,-3.120976469981605821730586244466986
L0,30,LONG,2023-10-16T08:00:00+00:00,2023-10-16T16:00:00+00:00,0.859276088957316516277595709437903
L0,30,LONG,2023-10-16T20:00:00+00:00,2023-10-20T00:00:00+00:00,3.833355086720809376792199762974409
L0,30,LONG,2023-10-20T04:00:00+00:00,2023-10-21T08:00:00+00:00,8.5954040486685752306809791960491
L0,30,LONG,2023-10-21T12:00:00+00:00,2023-10-24T16:00:00+00:00,4.135747813740635311294790713315995
L0,30,LONG,2023-10-30T12:00:00+00:00,2023-11-01T12:00:00+00:00,11.57121468401659615863352821307156
L0,30,LONG,2023-11-01T16:00:00+00:00,2023-11-02T16:00:00+00:00,-2.046582577380854391145744375037825
L0,30,LONG,2023-11-08T04:00:00+00:00,2023-11-09T20:00:00+00:00,1.683533334567830602598176057482324
L0,30,LONG,2023-11-29T20:00:00+00:00,2023-12-03T00:00:00+00:00,5.320580041855479203731074032427931
L0,30,LONG,2023-12-03T04:00:00+00:00,2023-12-04T12:00:00+00:00,-3.745436995904008413317378872761981
L0,30,LONG,2023-12-06T20:00:00+00:00,2023-12-09T00:00:00+00:00,15.49334229296697629070423148252799
L0,30,LONG,2023-12-09T04:00:00+00:00,2023-12-11T04:00:00+00:00,-5.111163502953006519028158317544804
L0,30,LONG,2023-12-21T08:00:00+00:00,2023-12-23T20:00:00+00:00,17.74781621011328332590302224680082
L0,30,LONG,2024-01-30T08:00:00+00:00,2024-02-01T00:00:00+00:00,-6.315107061663066406038889928349519
L0,30,LONG,2024-02-08T16:00:00+00:00,2024-02-11T20:00:00+00:00,2.775191371234213310276402433238187
L0,30,LONG,2024-02-13T04:00:00+00:00,2024-02-16T08:00:00+00:00,-1.96140695337154628039591617866914
L0,30,LONG,2024-02-27T04:00:00+00:00,2024-02-29T00:00:00+00:00,7.759526177993708902917285669970468
L0,30,LONG,2024-02-29T12:00:00+00:00,2024-03-03T16:00:00+00:00,-0.5660416952928221368164190793023936
L0,30,LONG,2024-03-14T12:00:00+00:00,2024-03-14T20:00:00+00:00,-6.836871252949749966233158103813296
L0,30,LONG,2024-03-15T00:00:00+00:00,2024-03-18T04:00:00+00:00,14.41493459557081727753740047863775
L0,30,LONG,2024-03-25T08:00:00+00:00,2024-03-28T12:00:00+00:00,-0.7931810468856730616649737196701973
L0,30,LONG,2024-03-30T20:00:00+00:00,2024-04-02T04:00:00+00:00,-6.790311176787501707354695949575135
L0,30,LONG,2024-05-17T04:00:00+00:00,2024-05-20T08:00:00+00:00,8.947354978673365542610375261555322
L0,30,LONG,2024-05-20T12:00:00+00:00,2024-05-21T16:00:00+00:00,-1.157014827882458308492990507830876
L0,30,LONG,2024-06-05T12:00:00+00:00,2024-06-07T20:00:00+00:00,-6.985943299511206468920951180284048
L0,30,LONG,2024-07-16T08:00:00+00:00,2024-07-17T20:00:00+00:00,0.8378765027186049178362838540675042
L0,30,LONG,2024-07-19T16:00:00+00:00,2024-07-22T20:00:00+00:00,7.658305019011858002126015849683165
L0,30,LONG,2024-07-26T16:00:00+00:00,2024-07-29T20:00:00+00:00,2.311031326019983236420060569167197
L0,30,LONG,2024-09-27T04:00:00+00:00,2024-09-30T08:00:00+00:00,0.0567061189323616904822800451930461
L0,30,LONG,2024-10-14T12:00:00+00:00,2024-10-15T20:00:00+00:00,0.59602444663026961798582711375428
L0,30,LONG,2024-10-16T00:00:00+00:00,2024-10-19T04:00:00+00:00,-0.7737139716541429254981499815946757
L0,30,LONG,2024-10-19T16:00:00+00:00,2024-10-21T04:00:00+00:00,7.652584422485389965905288515518264
L0,30,LONG,2024-10-21T08:00:00+00:00,2024-10-21T16:00:00+00:00,-2.671291416078891951268401952527958
L0,30,LONG,2024-10-23T20:00:00+00:00,2024-10-26T00:00:00+00:00,-5.36404370402997065313737137051206
L0,30,LONG,2024-11-06T08:00:00+00:00,2024-11-09T12:00:00+00:00,9.207339678076835719415440369592933
L0,30,LONG,2024-11-10T08:00:00+00:00,2024-11-12T16:00:00+00:00,1.96388925733519499062984962425031
L0,30,LONG,2024-11-17T16:00:00+00:00,2024-11-20T20:00:00+00:00,-1.242627172187348661684867613366149
L0,30,LONG,2024-11-21T20:00:00+00:00,2024-11-25T00:00:00+00:00,-1.163733471291248558092946427414768
L0,30,LONG,2025-01-18T16:00:00+00:00,2025-01-20T00:00:00+00:00,-2.649072992685705771569296153299089
L0,30,LONG,2025-04-19T12:00:00+00:00,2025-04-22T16:00:00+00:00,4.013986522193232542554669499762264
L0,30,LONG,2025-04-22T20:00:00+00:00,2025-04-26T00:00:00+00:00,3.790404983004448069984756872645448
L0,30,LONG,2025-05-08T20:00:00+00:00,2025-05-11T00:00:00+00:00,10.08722776728741687590844143749656
L0,30,LONG,2025-05-11T04:00:00+00:00,2025-05-14T08:00:00+00:00,2.594210741474316443166081531134226
L0,30,LONG,2025-05-22T20:00:00+00:00,2025-05-26T00:00:00+00:00,-1.898014154414524091312426810556922
L0,30,LONG,2025-07-10T00:00:00+00:00,2025-07-13T04:00:00+00:00,1.938446076173107105412797659890889
L0,30,LONG,2025-07-14T08:00:00+00:00,2025-07-15T04:00:00+00:00,-5.508131975702498583480177559616418
L0,30,LONG,2025-07-16T16:00:00+00:00,2025-07-19T20:00:00+00:00,4.416370668116930543107256473840858
L0,30,LONG,2025-07-20T20:00:00+00:00,2025-07-22T04:00:00+00:00,9.273521806913645837006754921066616
L0,30,LONG,2025-07-22T08:00:00+00:00,2025-07-24T00:00:00+00:00,-5.090871128749093687500499636642798
L0,30,LONG,2025-08-08T12:00:00+00:00,2025-08-11T16:00:00+00:00,0.744247774735594102078807685791302
L0,30,LONG,2025-08-12T20:00:00+00:00,2025-08-14T16:00:00+00:00,1.522319150188438260394664024672187
L0,30,LONG,2025-08-23T12:00:00+00:00,2025-08-26T00:00:00+00:00,-8.096964815285738094171691675758842
L0,30,LONG,2025-08-27T12:00:00+00:00,2025-08-30T16:00:00+00:00,-2.607339723542612757957068000324758
L0,30,LONG,2025-09-09T04:00:00+00:00,2025-09-12T04:00:00+00:00,8.770224326258036462942027387521875
L0,30,LONG,2025-09-12T08:00:00+00:00,2025-09-15T08:00:00+00:00,-0.4254888015737777722640646131288587
L0,30,LONG,2025-09-18T04:00:00+00:00,2025-09-21T08:00:00+00:00,-3.459718746742283750608060593628121
L0,30,LONG,2025-10-03T08:00:00+00:00,2025-10-06T12:00:00+00:00,0.8549153689002296784491903979324526
L0,30,LONG,2025-10-06T20:00:00+00:00,2025-10-07T16:00:00+00:00,-5.579292857259391356863645627753887
L0,40,LONG,2022-03-25T00:00:00+00:00,2022-03-28T04:00:00+00:00,3.49054897907869347953533464890972
L0,40,LONG,2022-03-28T08:00:00+00:00,2022-03-30T16:00:00+00:00,11.80189152765194321779840274162877
L0,40,LONG,2022-03-30T20:00:00+00:00,2022-04-03T00:00:00+00:00,8.351368258417603104274536153388052
L0,40,LONG,2022-07-18T08:00:00+00:00,2022-07-21T00:00:00+00:00,-1.10259644814538825426730454957202
L0,40,LONG,2022-07-28T20:00:00+00:00,2022-08-01T00:00:00+00:00,-0.4528015544708140556543456521408071
L0,40,LONG,2022-08-08T08:00:00+00:00,2022-08-09T16:00:00+00:00,-6.881682825382906141781249042836786
L0,40,LONG,2022-08-11T04:00:00+00:00,2022-08-14T08:00:00+00:00,7.968574050303451208521733955153021
L0,40,LONG,2022-08-14T12:00:00+00:00,2022-08-15T12:00:00+00:00,-7.053280586463515730046085020180673
L0,40,LONG,2022-11-04T16:00:00+00:00,2022-11-05T16:00:00+00:00,11.4927599349187518132257398934958
L0,40,LONG,2022-11-05T20:00:00+00:00,2022-11-06T20:00:00+00:00,-8.584813066281056052477772134109591
L0,40,LONG,2023-01-09T08:00:00+00:00,2023-01-12T12:00:00+00:00,-2.618717346334633472520064725201105
L0,40,LONG,2023-01-14T00:00:00+00:00,2023-01-14T04:00:00+00:00,18.93067170347407493582269278689103
L0,40,LONG,2023-02-16T00:00:00+00:00,2023-02-17T04:00:00+00:00,-5.907571790140830480187235142950948
L0,40,LONG,2023-02-19T12:00:00+00:00,2023-02-20T08:00:00+00:00,10.88123717836937216898057194838492
L0,40,LONG,2023-02-20T12:00:00+00:00,2023-02-22T04:00:00+00:00,-8.114432145306630867939510509525315
L0,40,LONG,2023-04-12T04:00:00+00:00,2023-04-14T04:00:00+00:00,10.23317592147397832855613506434984
L0,40,LONG,2023-04-14T08:00:00+00:00,2023-04-17T12:00:00+00:00,-0.8767881881843888182491032964530392
L0,40,LONG,2023-04-29T12:00:00+00:00,2023-05-01T04:00:00+00:00,-5.553221325939129942392554979893149
L0,40,LONG,2023-06-05T00:00:00+00:00,2023-06-05T16:00:00+00:00,-9.457699358902422946694826533240979
L0,40,LONG,2023-07-08T00:00:00+00:00,2023-07-11T04:00:00+00:00,0.2585948157768279261495514633896344
L0,40,LONG,2023-07-11T16:00:00+00:00,2023-07-13T16:00:00+00:00,7.605322421090543496016156966246221
L0,40,LONG,2023-07-13T20:00:00+00:00,2023-07-14T04:00:00+00:00,8.002680220300660727821610126393292
L0,40,LONG,2023-07-28T16:00:00+00:00,2023-07-31T00:00:00+00:00,-4.730074333349482962791348913188636
L0,40,LONG,2023-08-09T04:00:00+00:00,2023-08-12T08:00:00+00:00,0.0903409278362531739796197565994972
L0,40,LONG,2023-08-13T00:00:00+00:00,2023-08-14T04:00:00+00:00,-2.981234869752849497012277859784863
L0,40,LONG,2023-08-15T00:00:00+00:00,2023-08-15T20:00:00+00:00,-5.332971566754690694193582650144944
L0,40,LONG,2023-10-01T08:00:00+00:00,2023-10-01T12:00:00+00:00,6.582898505333222241353689932504603
L0,40,LONG,2023-10-01T16:00:00+00:00,2023-10-02T20:00:00+00:00,2.361197174567305656337446890218146
L0,40,LONG,2023-10-03T16:00:00+00:00,2023-10-06T20:00:00+00:00,-3.31844790782515486303276218604726
L0,40,LONG,2023-10-16T08:00:00+00:00,2023-10-16T16:00:00+00:00,0.657812421867088515759764620461536
L0,40,LONG,2023-10-16T20:00:00+00:00,2023-10-20T00:00:00+00:00,3.628908391548571854849579703031606
L0,40,LONG,2023-10-20T04:00:00+00:00,2023-10-21T08:00:00+00:00,8.386180975400101233458631172783254
L0,40,LONG,2023-10-21T12:00:00+00:00,2023-10-24T16:00:00+00:00,3.930997815933473189618466951316681
L0,40,LONG,2023-10-30T12:00:00+00:00,2023-11-01T12:00:00+00:00,11.35900684581798372517451765317881
L0,40,LONG,2023-11-01T16:00:00+00:00,2023-11-02T16:00:00+00:00,-2.245131641997322942408386557209301
L0,40,LONG,2023-11-08T04:00:00+00:00,2023-11-09T20:00:00+00:00,1.481242930019618134591558027334398
L0,40,LONG,2023-11-29T20:00:00+00:00,2023-12-03T00:00:00+00:00,5.114641646627941110246890407520781
L0,40,LONG,2023-12-03T04:00:00+00:00,2023-12-04T12:00:00+00:00,-3.942282094203001383815556025346974
L0,40,LONG,2023-12-06T20:00:00+00:00,2023-12-09T00:00:00+00:00,15.27720052537122205169650406880429
L0,40,LONG,2023-12-09T04:00:00+00:00,2023-12-11T04:00:00+00:00,-5.306638765236905208577779021338641
L0,40,LONG,2023-12-21T08:00:00+00:00,2023-12-23T20:00:00+00:00,17.52941318482731212898636926561045
L0,40,LONG,2024-01-30T08:00:00+00:00,2024-02-01T00:00:00+00:00,-6.509374757689482588179272185191696
L0,40,LONG,2024-02-08T16:00:00+00:00,2024-02-11T20:00:00+00:00,2.571806023820738673054460204117587
L0,40,LONG,2024-02-13T04:00:00+00:00,2024-02-16T08:00:00+00:00,-2.160041449907783445611166011990435
L0,40,LONG,2024-02-27T04:00:00+00:00,2024-02-29T00:00:00+00:00,7.551141497775059245040738743521149
L0,40,LONG,2024-02-29T12:00:00+00:00,2024-03-03T16:00:00+00:00,-0.7660757557789878117042662015899539
L0,40,LONG,2024-03-14T12:00:00+00:00,2024-03-14T20:00:00+00:00,-7.030615614782297859948069680439361
L0,40,LONG,2024-03-15T00:00:00+00:00,2024-03-18T04:00:00+00:00,14.19987448063042528428009115017372
L0,40,LONG,2024-03-25T08:00:00+00:00,2024-03-28T12:00:00+00:00,-0.9929872845517857265981081492392342
L0,40,LONG,2024-03-30T20:00:00+00:00,2024-04-02T04:00:00+00:00,-6.98410223879674192630418973498178
L0,40,LONG,2024-05-17T04:00:00+00:00,2024-05-20T08:00:00+00:00,8.737778895445007101745169268314043
L0,40,LONG,2024-05-20T12:00:00+00:00,2024-05-21T16:00:00+00:00,-1.35645613698187409755167356649905
L0,40,LONG,2024-06-05T12:00:00+00:00,2024-06-07T20:00:00+00:00,-7.179538140735367746284119734767214
L0,40,LONG,2024-07-16T08:00:00+00:00,2024-07-17T20:00:00+00:00,0.6364342996065501486107710317464736
L0,40,LONG,2024-07-19T16:00:00+00:00,2024-07-22T20:00:00+00:00,7.450021864529398766416762072501938
L0,40,LONG,2024-07-26T16:00:00+00:00,2024-07-29T20:00:00+00:00,2.108111535321868910204995312829015
L0,40,LONG,2024-09-27T04:00:00+00:00,2024-09-30T08:00:00+00:00,-0.1439525632330669571511023821341285
L0,40,LONG,2024-10-14T12:00:00+00:00,2024-10-15T20:00:00+00:00,0.394824823313689608338900506819722
L0,40,LONG,2024-10-16T00:00:00+00:00,2024-10-19T04:00:00+00:00,-0.9735397349724436848507095101988937
L0,40,LONG,2024-10-19T16:00:00+00:00,2024-10-21T04:00:00+00:00,7.444307005812887067243397554118546
L0,40,LONG,2024-10-21T08:00:00+00:00,2024-10-21T16:00:00+00:00,-2.869213892090848930254090616567549
L0,40,LONG,2024-10-23T20:00:00+00:00,2024-10-26T00:00:00+00:00,-5.559265325189419027607644819488477
L0,40,LONG,2024-11-06T08:00:00+00:00,2024-11-09T12:00:00+00:00,8.997502827848072594320740830606381
L0,40,LONG,2024-11-10T08:00:00+00:00,2024-11-12T16:00:00+00:00,1.761317653265651164159809654717461
L0,40,LONG,2024-11-17T16:00:00+00:00,2024-11-20T20:00:00+00:00,-1.441982611332597058212766442239402
L0,40,LONG,2024-11-21T20:00:00+00:00,2024-11-25T00:00:00+00:00,-1.363168041530675590632472057878745
L0,40,LONG,2025-01-18T16:00:00+00:00,2025-01-20T00:00:00+00:00,-2.847017753976893629371132365783242
L0,40,LONG,2025-04-19T12:00:00+00:00,2025-04-22T16:00:00+00:00,3.809358652060641536995437133162703
L0,40,LONG,2025-04-22T20:00:00+00:00,2025-04-26T00:00:00+00:00,3.586001367173952134107139262943697
L0,40,LONG,2025-05-08T20:00:00+00:00,2025-05-11T00:00:00+00:00,9.876508381362354271218463060929357
L0,40,LONG,2025-05-11T04:00:00+00:00,2025-05-14T08:00:00+00:00,2.3910069192662178308860754313036
L0,40,LONG,2025-05-22T20:00:00+00:00,2025-05-26T00:00:00+00:00,-2.096712234500367096235884757587457
L0,40,LONG,2025-07-10T00:00:00+00:00,2025-07-13T04:00:00+00:00,1.735899991843946516540768775578059
L0,40,LONG,2025-07-14T08:00:00+00:00,2025-07-15T04:00:00+00:00,-5.703209075024762877779595636286813
L0,40,LONG,2025-07-16T16:00:00+00:00,2025-07-19T20:00:00+00:00,4.211339203053623692010860028029583
L0,40,LONG,2025-07-20T20:00:00+00:00,2025-07-22T04:00:00+00:00,9.063618575412227937471141325358425
L0,40,LONG,2025-07-22T08:00:00+00:00,2025-07-24T00:00:00+00:00,-5.286366744467499812187058814539846
L0,40,LONG,2025-08-08T12:00:00+00:00,2025-08-11T16:00:00+00:00,0.542899482082900426951346494531732
L0,40,LONG,2025-08-12T20:00:00+00:00,2025-08-14T16:00:00+00:00,1.320190444922451862941911101879135
L0,40,LONG,2025-08-23T12:00:00+00:00,2025-08-26T00:00:00+00:00,-8.289445291900296029884658885712946
L0,40,LONG,2025-08-27T12:00:00+00:00,2025-08-30T16:00:00+00:00,-2.80532634367948074917275800233045
L0,40,LONG,2025-09-09T04:00:00+00:00,2025-09-12T04:00:00+00:00,8.560825906673023387252015323943618
L0,40,LONG,2025-09-12T08:00:00+00:00,2025-09-15T08:00:00+00:00,-0.6256638378811260392928870157235138
L0,40,LONG,2025-09-18T04:00:00+00:00,2025-09-21T08:00:00+00:00,-3.656850423024387778942455718408835
L0,40,LONG,2025-10-03T08:00:00+00:00,2025-10-06T12:00:00+00:00,0.6534560756515835102661922129796618
L0,40,LONG,2025-10-06T20:00:00+00:00,2025-10-07T16:00:00+00:00,-5.774298581575079028521756314185428
